point_code,name,lat,lon,altitude,nx,ny,region_id,distance_km,network
96,독도,37.23952,131.86983,99,144,123,,87.3,kma_aws
116,관악(레),37.44526,126.96402,624,60,124,121,0.0,kma_aws
160,부산(레),35.11882,128.99995,512,97,74,53,0.0,kma_aws
175,진도(레),34.47211,126.3238,478,49,59,51,5.0,kma_aws
229,북격렬비도,36.62544,125.55954,104,35,106,,66.7,kma_aws
230,덕적북리,37.2645,126.10297,12,45,120,,47.2,kma_aws
269,안마도,35.3469,126.0305,28,44,78,,40.3,kma_aws
300,말도,35.85799,126.31507,44,49,89,256,36.4,kma_aws
301,임자도,35.09511,126.11638,9,45,73,47,35.4,kma_aws
302,장산도,34.64274,126.18264,6,46,63,51,22.4,kma_aws
303,가거도,34.07275,125.09741,105,27,51,,112.4,kma_aws
304,신지도,34.31801,126.84849,25,58,56,50,5.0,kma_aws
305,여서도,33.98622,126.92009,35,60,49,50,38.1,kma_aws
306,소리도,34.43185,127.8011,3,75,59,27,36.4,kma_aws
308,옥도,34.68703,126.07303,8,44,64,52,31.6,kma_aws
309,판문점,37.9464,126.6866,25,55,135,132,20.6,kma_aws
310,궁촌,37.32471,129.26472,14,99,123,230,11.2,kma_aws
311,가야산,35.78915,128.08673,605,80,88,193,15.8,kma_aws
312,주왕산,36.39314,129.14128,262,98,102,189,11.2,kma_aws
313,양지암,34.88208,128.74127,70,92,69,210,10.0,kma_aws
314,설천봉,35.86621,127.74312,1515,74,90,251,18.0,kma_aws
315,성삼재,35.30673,127.51079,1087,70,78,247,14.1,kma_aws
316,무등산,35.11438,126.99743,911,61,73,41,5.0,kma_aws
317,구이,35.72951,127.11418,105,63,87,242,10.0,kma_aws
318,평창용산,37.65328,128.68208,852,89,129,226,18.0,kma_aws
319,천부,37.53751,130.87154,57,127,129,199,10.0,kma_aws
320,향로봉,38.33104,128.31375,1263,82,144,240,15.8,kma_aws
321,원통,38.1147,128.1963,253,80,139,239,5.0,kma_aws
322,상서,38.20067,127.66263,223,71,141,237,11.2,kma_aws
323,마현,38.27268,127.52551,276,69,142,237,21.2,kma_aws
324,송계,36.91019,128.07446,155,79,113,151,15.8,kma_aws
325,백운,37.14449,128.02526,231,78,118,152,15.0,kma_aws
326,용문산,37.54553,127.61126,191,71,126,146,11.2,kma_aws
327,청주금천,36.62611,127.51278,97,69,106,147,0.0,kma_aws
328,상예,33.2505,126.39838,61,50,32,223,15.8,kma_aws
329,산천단,33.44734,126.56546,377,53,37,222,5.0,kma_aws
330,대흘,33.50081,126.64947,144,55,38,222,10.0,kma_aws
331,제주색달,33.29554,126.42053,431,51,33,223,10.0,kma_aws
332,등봉,37.44343,129.12207,49,97,125,230,5.0,kma_aws
334,중앙,38.20702,128.59194,24,87,141,229,0.0,kma_aws
335,강림,37.36023,128.12553,406,80,123,232,18.0,kma_aws
336,매일,37.56094,128.11021,210,79,127,232,14.1,kma_aws
337,우항,37.4597,128.0632,202,79,125,232,10.0,kma_aws
338,둔내,37.50568,128.21068,486,81,126,232,20.6,kma_aws
339,서원,37.48915,127.8819,251,75,125,232,10.0,kma_aws
340,공근,37.52823,127.98047,137,77,126,232,5.0,kma_aws
344,칠성,36.78757,127.84728,116,75,110,158,7.1,kma_aws
345,학성,37.37462,127.94576,109,77,123,225,7.1,kma_aws
346,강릉구정,37.71199,128.89722,52,93,131,226,5.0,kma_aws
347,귀래,37.22755,127.85685,152,75,120,225,11.2,kma_aws
348,하조대,38.02572,128.71678,6,89,137,241,7.1,kma_aws
349,시동,37.59997,127.84308,275,75,128,231,10.0,kma_aws
350,조침령,37.99534,128.49556,607,86,137,241,11.2,kma_aws
376,광명노온,37.44738,126.85895,68,58,124,17,5.0,kma_aws
377,안양만안,37.39523,126.89194,28,58,123,108,5.0,kma_aws
378,정림,36.30361,127.36278,71,67,99,91,5.0,kma_aws
379,번암,35.54046,127.5463,292,70,83,252,10.0,kma_aws
400,강남,37.4982,127.08162,12,62,125,5,5.0,kma_aws
401,서초,37.48462,127.02601,33,61,125,22,0.0,kma_aws
402,강동,37.55556,127.14498,55,63,127,122,5.0,kma_aws
403,송파,37.47426,127.12538,54,62,125,5,5.0,kma_aws
404,강서,37.5739,126.82953,9,57,127,112,5.0,kma_aws
405,양천,37.52823,126.87937,22,58,126,15,0.0,kma_aws
406,도봉,37.66557,127.03042,56,61,129,10,0.0,kma_aws
407,노원,37.62186,127.09192,25,62,128,7,0.0,kma_aws
408,동대문,37.58463,127.06036,54,61,127,4,0.0,kma_aws
409,중랑,37.58551,127.08682,39,62,127,122,0.0,kma_aws
410,기상청,37.4933,126.91746,41,59,125,20,0.0,kma_aws
411,마포,37.55165,126.92915,100,59,126,3,5.0,kma_aws
412,서대문,37.57047,126.94078,103,59,127,12,0.0,kma_aws
413,광진,37.53344,127.08601,29,62,126,5,0.0,kma_aws
414,성북,37.61134,126.99981,128,60,128,1,5.0,kma_aws
415,용산,37.51955,126.97629,31,60,126,3,0.0,kma_aws
416,은평,37.64647,126.94273,55,59,128,12,5.0,kma_aws
417,금천,37.46551,126.90016,45,58,125,17,0.0,kma_aws
418,한강,37.52489,126.93904,10,59,126,3,5.0,kma_aws
419,중구,37.55236,126.98736,267,60,126,3,0.0,kma_aws
421,성동,37.54721,127.03885,34,61,126,23,0.0,kma_aws
423,구로,37.49328,126.82629,56,57,125,110,0.0,kma_aws
424,강북,37.63801,127.00981,69,60,128,1,5.0,kma_aws
425,남현,37.46347,126.98154,113,60,124,121,0.0,kma_aws
426,백령(레),37.96611,124.63048,147,20,135,,157.0,kma_aws
427,양촌,37.66877,126.64721,9,54,129,135,7.1,kma_aws
428,하남덕풍,37.55124,127.21278,23,64,126,128,0.0,kma_aws
493,송악,36.73615,127.00805,35,61,109,165,7.1,kma_aws
494,세종고운,36.53083,127.24028,106,65,104,99,7.1,kma_aws
495,공도,36.98062,127.16254,13,63,114,114,5.0,kma_aws
496,세종금남,36.45853,127.26876,27,65,103,99,5.0,kma_aws
497,삽당령,37.57516,128.85147,660,92,128,226,15.0,kma_aws
498,구룡령,37.87925,128.51447,1018,86,134,241,22.4,kma_aws
499,중면,38.13608,127.02354,53,60,139,144,7.1,kma_aws
500,양도,37.66571,126.47015,48,51,129,87,5.0,kma_aws
501,대연평,37.65891,125.69819,7,38,129,,65.2,kma_aws
502,교동,37.78944,126.29164,13,48,131,87,15.8,kma_aws
503,도라산,37.90804,126.71193,18,55,134,132,15.8,kma_aws
504,포천,37.87035,127.18073,105,63,133,142,7.1,kma_aws
505,가평조종,37.82439,127.34543,170,66,132,142,14.1,kma_aws
506,파주금촌,37.74823,126.77693,12,56,131,132,0.0,kma_aws
507,창수,38.02479,127.14358,76,63,137,144,11.2,kma_aws
508,왕산,37.46649,126.36093,140,49,124,79,20.6,kma_aws
509,관악,37.45284,126.95015,141,59,124,18,0.0,kma_aws
510,영등포,37.52706,126.90705,25,59,126,3,5.0,kma_aws
511,경서동,37.5675,126.6351,7,54,127,86,5.0,kma_aws
512,인천연수,37.39684,126.66209,8,54,123,80,5.0,kma_aws
513,덕적지도,37.06551,126.01427,29,43,116,,43.0,kma_aws
514,대부도,37.23767,126.5787,10,53,120,81,18.0,kma_aws
515,운평,37.08453,126.77389,10,56,116,136,15.8,kma_aws
516,안성,37.00371,127.25017,23,65,115,134,0.0,kma_aws
517,간성,38.3851,128.47523,6,85,145,240,0.0,kma_aws
518,해안,38.26958,128.1211,468,79,142,238,18.0,kma_aws
519,사내,38.07545,127.51941,298,69,138,237,15.8,kma_aws
520,설악동,38.16705,128.51818,135,86,140,229,7.1,kma_aws
522,화촌,37.78712,127.9838,197,77,132,231,14.1,kma_aws
523,주문진,37.89848,128.82139,8,91,135,226,20.6,kma_aws
524,경포,37.78626,128.89382,4,93,132,226,7.1,kma_aws
525,봉평,37.62109,128.35893,568,84,128,234,25.0,kma_aws
526,평창,37.37748,128.39469,303,84,123,234,0.0,kma_aws
527,신동,37.21108,128.64126,392,89,120,235,15.0,kma_aws
529,원덕,37.14156,129.28585,36,100,119,198,22.4,kma_aws
530,태하,37.5151,130.8118,178,126,128,199,7.1,kma_aws
531,가평북면,37.89807,127.55219,109,70,134,145,7.1,kma_aws
532,의정부,37.73476,127.07349,89,61,130,107,0.0,kma_aws
533,백사,37.32779,127.48079,83,69,122,133,7.1,kma_aws
534,장호원,37.121,127.61058,88,71,117,143,20.0,kma_aws
535,서석,37.71701,128.18265,313,80,130,231,25.0,kma_aws
536,횡성,37.4876,127.97242,114,77,125,232,0.0,kma_aws
537,임계,37.48323,128.84589,488,92,126,235,21.2,kma_aws
538,신서,38.17254,127.10301,83,62,140,144,11.2,kma_aws
539,포천이동,38.02405,127.36815,145,66,137,236,11.2,kma_aws
540,고양,37.6373,126.892,44,58,128,118,5.0,kma_aws
541,남양주,37.63405,127.15055,25,63,128,7,5.0,kma_aws
542,청평,37.68414,127.38017,42,67,129,123,15.8,kma_aws
543,영종도,37.499,126.54958,25,52,125,79,5.0,kma_aws
544,전곡항,37.18565,126.6544,11,54,118,117,21.2,kma_aws
545,안산,37.28103,126.83848,5,57,120,117,5.0,kma_aws
546,경기광주,37.43529,127.2592,122,65,124,140,5.0,kma_aws
547,양동,37.41593,127.75488,108,73,124,143,18.0,kma_aws
548,여주,37.26883,127.63956,118,71,120,143,5.0,kma_aws
549,용인,37.27011,127.22178,83,64,120,129,5.0,kma_aws
550,오산,37.1693,127.05271,34,61,118,124,5.0,kma_aws
551,평택,36.98769,127.10879,27,62,114,114,0.0,kma_aws
552,김화,38.23153,127.38937,229,67,141,236,14.1,kma_aws
553,죽정,38.45697,128.41794,8,84,147,240,11.2,kma_aws
554,미시령,38.21439,128.43713,771,84,141,229,15.0,kma_aws
555,화천,38.08371,127.69062,109,72,138,237,5.0,kma_aws
556,양구,38.09799,127.98527,187,77,139,238,0.0,kma_aws
557,기린,37.9537,128.31388,292,83,136,239,18.0,kma_aws
558,팔봉,37.68614,127.70066,94,72,130,231,15.0,kma_aws
559,내면,37.77805,128.39728,574,84,132,239,36.1,kma_aws
560,진부,37.64794,128.56447,540,87,129,226,26.9,kma_aws
561,청일,37.58219,128.15275,221,80,127,232,18.0,kma_aws
563,북평,37.46356,128.6828,362,89,125,235,10.0,kma_aws
565,시흥,37.39154,126.77795,5,56,123,81,5.0,kma_aws
566,연곡,37.85155,128.81924,6,91,134,226,15.8,kma_aws
567,적성,37.95332,126.93176,71,59,135,115,11.2,kma_aws
568,일동,37.95875,127.31349,142,65,135,142,7.1,kma_aws
569,구리,37.58224,127.15698,27,63,127,122,5.0,kma_aws
570,금곡,37.6232,126.64233,33,54,128,135,5.0,kma_aws
571,화성,37.19525,126.82094,45,57,119,117,10.0,kma_aws
572,성남,37.42093,127.12476,28,62,124,104,5.0,kma_aws
573,청운,37.55821,127.71352,120,72,127,146,18.0,kma_aws
574,대신,37.3694,127.58711,36,70,123,143,11.2,kma_aws
575,용인이동,37.1058,127.18766,51,64,117,129,10.0,kma_aws
576,백암,37.12966,127.36632,111,67,117,134,14.1,kma_aws
577,장봉도,37.53347,126.33659,9,49,126,79,20.6,kma_aws
578,호도,36.3012,126.26628,8,48,99,164,30.4,kma_aws
579,하장,37.36684,128.9133,607,93,123,235,20.0,kma_aws
580,옥계,37.61345,129.02888,58,95,129,227,14.1,kma_aws
581,상동,37.11663,128.77441,422,91,118,228,20.6,kma_aws
582,신림,37.23146,128.07993,328,79,120,152,14.1,kma_aws
583,안흥,37.46463,128.1551,534,80,125,232,15.0,kma_aws
585,신남,37.95996,128.0742,235,78,136,239,14.1,kma_aws
586,북산,38.03209,127.87694,225,75,137,238,14.1,kma_aws
587,방산,38.22642,127.95329,276,76,141,238,11.2,kma_aws
588,남산,37.79066,127.64289,83,71,132,145,11.2,kma_aws
589,고양고봉,37.70236,126.79026,59,57,130,119,7.1,kma_aws
590,과천,37.44028,127.00249,46,60,124,121,0.0,kma_aws
591,치악산,37.41554,128.05047,267,78,124,232,7.1,kma_aws
592,부론,37.23162,127.74866,52,73,120,143,11.2,kma_aws
593,양양영덕,38.00731,128.54069,128,86,137,241,11.2,kma_aws
594,서화,38.2533,128.21,316,81,142,239,20.6,kma_aws
595,진부령,38.26414,128.37415,586,83,142,240,18.0,kma_aws
596,오색,38.07699,128.49325,241,86,138,241,10.0,kma_aws
597,대화,37.54548,128.44108,561,85,127,234,20.6,kma_aws
598,양주,37.83118,126.9905,87,60,132,141,7.1,kma_aws
599,광릉,37.76172,127.16977,105,63,131,141,10.0,kma_aws
600,금왕,36.97369,127.58973,131,71,114,159,7.1,kma_aws
601,단양,37.00204,128.34687,147,84,115,160,0.0,kma_aws
602,진천,36.86338,127.46231,68,68,112,157,5.0,kma_aws
603,괴산,36.81612,127.77758,120,74,111,158,0.0,kma_aws
604,옥천,36.29995,127.59654,118,71,99,154,0.0,kma_aws
605,영동,36.16,127.755,143,74,96,155,5.0,kma_aws
606,대산,37.01061,126.38808,23,50,115,169,25.0,kma_aws
607,근흥,36.67309,126.13541,6,45,107,176,18.0,kma_aws
609,삽시도,36.33796,126.35623,39,49,100,164,25.0,kma_aws
610,홍성죽도,36.52003,126.44237,16,51,104,174,22.4,kma_aws
611,세종연서,36.56667,127.28056,51,65,105,99,11.2,kma_aws
612,공주,36.48284,127.13646,24,63,103,163,5.0,kma_aws
614,서천,36.06248,126.70411,9,55,94,172,0.0,kma_aws
615,논산,36.21164,127.10815,8,62,97,167,0.0,kma_aws
616,당진,36.88936,126.61739,52,54,112,169,0.0,kma_aws
617,직산,36.89056,127.14556,27,63,112,162,0.0,kma_aws
618,청양,36.42371,126.77906,98,57,102,173,5.0,kma_aws
619,음성,36.92297,127.70241,133,73,113,159,5.0,kma_aws
620,엄정,37.07371,127.90353,65,76,116,151,10.0,kma_aws
621,수산,36.97325,128.21421,147,81,114,160,15.8,kma_aws
622,수안보,36.83909,128.00791,228,78,111,151,18.0,kma_aws
623,증평,36.7956,127.562,74,70,110,156,5.0,kma_aws
624,상당,36.62436,127.6571,224,72,106,147,15.0,kma_aws
625,속리산,36.51639,127.81556,325,75,104,153,11.2,kma_aws
626,옥천청산,36.35294,127.82157,120,75,101,153,14.1,kma_aws
627,태안,36.754,126.32952,14,49,109,176,5.0,kma_aws
628,예산,36.73925,126.8199,29,57,109,175,11.2,kma_aws
629,세종전의,36.69076,127.20047,84,64,108,161,11.2,kma_aws
630,노은,37.04566,127.79968,109,74,116,151,14.1,kma_aws
631,송도,37.34775,126.61535,9,54,122,81,7.1,kma_aws
632,유구,36.54056,126.94722,57,60,104,173,15.8,kma_aws
633,정안,36.55114,127.09383,75,62,105,163,15.8,kma_aws
634,아산,36.84578,126.86536,29,58,111,165,11.2,kma_aws
635,양화,36.1319,126.86024,10,58,96,171,15.8,kma_aws
636,계룡,36.3132,127.2407,132,65,100,168,5.0,kma_aws
637,신평,36.87895,126.82381,9,57,112,169,15.0,kma_aws
638,영춘,37.07778,128.49361,243,86,117,233,10.0,kma_aws
639,덕산,36.90433,128.14564,282,80,113,151,20.6,kma_aws
640,청천,36.67111,127.86527,226,76,108,158,18.0,kma_aws
641,가덕,36.5461,127.52388,79,70,105,147,7.1,kma_aws
642,오월드,36.29129,127.39586,148,67,99,91,5.0,kma_aws
643,세천,36.34019,127.49378,91,69,100,89,5.0,kma_aws
644,연무,36.13662,127.09004,24,62,96,167,5.0,kma_aws
645,서부,36.57887,126.51099,16,52,105,174,15.8,kma_aws
646,춘장대,36.17406,126.52845,7,52,96,172,18.0,kma_aws
647,가곡,36.12474,127.68507,118,73,96,155,7.1,kma_aws
648,장동,36.41347,127.43821,99,68,102,92,7.1,kma_aws
649,부평,37.47223,126.75072,25,56,125,82,5.0,kma_aws
650,양지,38.25091,127.27141,187,65,142,236,15.0,kma_aws
651,외촌,38.27717,127.2057,216,63,142,236,18.0,kma_aws
652,연천청산,37.98998,127.07267,38,61,136,115,10.0,kma_aws
654,자월도,37.25404,126.30761,10,48,120,79,35.4,kma_aws
655,소청도,37.76024,124.72912,83,21,131,,150.1,kma_aws
656,볼음도,37.6873,126.19342,49,46,129,87,25.5,kma_aws
657,대천항,36.32435,126.50213,31,52,100,164,10.0,kma_aws
658,만리포,36.7683,126.12143,10,45,109,176,15.0,kma_aws
659,계룡산,36.343,127.2057,831,64,100,168,7.1,kma_aws
660,면온,37.56197,128.37762,533,84,127,234,20.0,kma_aws
661,현내,38.54251,128.40191,5,84,148,240,15.8,kma_aws
662,승봉도,37.17064,126.29695,10,48,118,,42.4,kma_aws
663,목덕도,36.92863,125.78691,62,39,113,,49.2,kma_aws
664,영흥도,37.22468,126.45838,17,51,119,81,28.3,kma_aws
665,무의도,37.39043,126.42521,28,50,123,79,18.0,kma_aws
666,안도,36.95872,126.16832,32,46,113,176,22.4,kma_aws
667,옹도,36.6476,126.0093,58,43,107,176,26.9,kma_aws
669,외연도,36.2292,126.07583,17,44,98,,51.0,kma_aws
670,양양,38.08874,128.62954,7,88,139,241,5.0,kma_aws
671,속초조양,38.1922,128.57608,4,87,141,229,0.0,kma_aws
672,상하,35.44236,126.48836,16,52,80,48,15.0,kma_aws
673,진영,35.28223,128.7175,20,91,78,200,7.1,kma_aws
674,사북,37.21963,128.82141,822,92,120,228,15.8,kma_aws
675,남이섬,37.78978,127.52769,52,69,132,145,5.0,kma_aws
676,위성센터,36.9906,127.42985,143,68,114,157,15.0,kma_aws
677,달방댐,37.51728,129.0213,120,95,127,227,10.0,kma_aws
678,강릉성산,37.72484,128.77862,456,91,131,226,5.0,kma_aws
679,강릉왕산,37.61045,128.77297,686,91,128,226,15.8,kma_aws
680,평화,38.21277,127.84468,230,74,141,237,14.1,kma_aws
681,간동,38.0512,127.79064,200,74,137,237,14.1,kma_aws
682,임남,38.28317,127.86251,1062,75,143,238,22.4,kma_aws
687,석곡,35.1262,127.2528,62,65,74,37,15.8,kma_aws
688,봉산,35.26878,126.93914,31,60,77,36,7.1,kma_aws
689,광주남구,35.10082,126.89853,73,59,73,33,0.0,kma_aws
690,풍산,35.33624,127.13921,98,63,78,254,5.0,kma_aws
691,정산,36.38617,126.95652,23,60,101,171,11.2,kma_aws
692,백학,38.0404,126.9245,33,59,137,144,11.2,kma_aws
694,원효봉,36.70435,126.60936,677,54,108,174,11.2,kma_aws
695,광덕산,38.11619,127.43197,1050,67,139,236,10.0,kma_aws
696,신기,37.34661,129.08614,82,96,123,230,14.1,kma_aws
697,서거차도,34.25058,125.91829,5,42,54,51,39.1,kma_aws
698,해제,35.09385,126.28509,25,48,73,47,20.6,kma_aws
699,무안,34.98378,126.46108,37,51,70,46,7.1,kma_aws
700,어청도,36.12508,125.9682,58,42,95,,65.0,kma_aws
701,무주,36.00168,127.66836,212,72,93,251,0.0,kma_aws
702,익산,35.93807,126.99252,11,60,91,245,0.0,kma_aws
703,진안,35.76036,127.43743,354,68,88,250,0.0,kma_aws
704,변산,35.62095,126.47755,1,51,84,256,29.2,kma_aws
706,담양,35.31021,126.97266,44,60,78,36,5.0,kma_aws
707,지도,35.05796,126.20839,34,47,72,47,25.0,kma_aws
708,광산,35.12886,126.74524,29,56,74,35,5.0,kma_aws
709,구례,35.20808,127.49355,27,70,76,38,7.1,kma_aws
710,나주,35.02504,126.74397,7,56,71,29,0.0,kma_aws
711,이양,34.89711,126.9898,77,61,69,41,15.0,kma_aws
712,순천시,34.90351,127.51927,2,70,69,28,5.0,kma_aws
713,광양읍,34.97507,127.58259,15,71,71,28,7.1,kma_aws
714,자은도,34.87909,126.02868,2,44,68,26,30.4,kma_aws
716,하의도,34.63066,126.03198,2,44,63,51,28.3,kma_aws
717,의신,34.42749,126.30976,11,49,58,51,7.1,kma_aws
718,상조도,34.33303,126.03646,6,44,56,51,25.0,kma_aws
719,선유도,35.8088,126.3977,11,50,88,256,30.4,kma_aws
720,보길도,34.16215,126.55508,14,53,52,50,28.3,kma_aws
721,금일,34.33904,127.02825,4,62,56,50,25.0,kma_aws
722,조선대,35.13681,126.92875,110,60,74,31,0.0,kma_aws
723,거문도,34.02792,127.30898,6,67,50,,58.3,kma_aws
724,추자도,33.95783,126.30157,8,48,48,,55.0,kma_aws
725,우도,33.52289,126.95414,9,60,39,222,35.4,kma_aws
726,마라도,33.12206,126.26786,11,48,30,223,29.2,kma_aws
727,유수암,33.40986,126.39293,425,50,36,222,18.0,kma_aws
730,장성,35.2794,126.7611,44,57,77,49,0.0,kma_aws
731,영암,34.81666,126.68634,4,55,67,45,7.1,kma_aws
732,보성,34.76192,127.09209,145,63,66,40,5.0,kma_aws
733,함라,36.0461,126.8917,49,59,94,245,15.8,kma_aws
734,완주,35.98551,127.24573,64,65,92,242,18.0,kma_aws
735,덕유산,35.89424,127.77306,660,74,91,251,14.1,kma_aws
736,진봉,35.84679,126.78401,2,57,89,248,11.2,kma_aws
737,김제,35.80905,126.87765,54,59,88,248,0.0,kma_aws
738,줄포,35.57948,126.67388,16,55,83,246,15.0,kma_aws
739,심원,35.52254,126.54668,12,53,82,255,18.0,kma_aws
741,화순,35.05671,126.98515,94,61,72,41,0.0,kma_aws
742,운남,34.93889,126.33064,12,49,69,26,11.2,kma_aws
743,비금,34.77258,125.94688,8,42,66,52,40.0,kma_aws
744,산이,34.67254,126.43646,5,51,64,52,11.2,kma_aws
745,성전,34.68504,126.72554,49,56,64,43,7.1,kma_aws
746,땅끝,34.38184,126.5159,8,52,57,44,22.4,kma_aws
747,청산도,34.18292,126.85801,24,59,53,50,18.0,kma_aws
748,벌교,34.83694,127.3631,1,67,67,28,21.2,kma_aws
749,도양,34.53471,127.12715,25,63,61,39,15.8,kma_aws
750,백야,34.62781,127.63568,23,72,63,27,15.8,kma_aws
751,와산,33.47934,126.69387,248,56,38,222,15.0,kma_aws
752,서광,33.30456,126.30599,188,49,34,223,20.6,kma_aws
753,어리목,33.39304,126.4959,967,52,36,222,11.2,kma_aws
754,함평,35.06037,126.52732,10,52,72,47,0.0,kma_aws
755,백아면,35.15959,127.08534,187,62,74,31,10.0,kma_aws
756,위도,35.60152,126.28199,4,48,84,,40.3,kma_aws
757,진안주천,35.97436,127.43596,269,68,92,170,15.8,kma_aws
758,동향,35.83521,127.57117,320,71,89,250,15.8,kma_aws
759,뱀사골,35.37162,127.57826,478,71,79,247,15.8,kma_aws
760,복흥,35.42739,126.9327,281,60,80,36,11.2,kma_aws
761,태인,35.65081,126.93462,14,60,85,246,14.1,kma_aws
762,임실강진,35.55169,127.18695,146,64,83,253,11.2,kma_aws
763,여산,36.0592,127.062,38,62,94,167,15.0,kma_aws
764,신덕,35.67359,127.14143,211,63,86,242,15.0,kma_aws
765,복내,34.89234,127.13448,109,63,69,40,15.8,kma_aws
766,여수산단,34.84946,127.71496,78,74,68,27,11.2,kma_aws
767,포두,34.58853,127.39745,3,68,62,39,10.0,kma_aws
768,곡성,35.28886,127.28531,100,66,77,37,0.0,kma_aws
769,염산,35.19932,126.38336,5,50,75,48,14.1,kma_aws
770,다도,34.92863,126.82001,99,58,69,29,14.1,kma_aws
771,안좌,34.72693,126.14463,3,46,65,52,20.6,kma_aws
772,수유,34.53208,126.23964,1,47,61,51,11.2,kma_aws
773,학산,34.7085,126.63593,72,54,64,45,14.1,kma_aws
774,전남도청,34.81747,126.46618,11,51,67,26,5.0,kma_aws
775,월야,35.17776,126.63912,39,54,75,48,14.1,kma_aws
776,현산,34.45996,126.5571,17,53,59,44,11.2,kma_aws
777,관산,34.55633,126.93462,37,60,61,42,15.8,kma_aws
778,유치,34.79594,126.8218,96,58,66,45,10.0,kma_aws
779,한림,33.39268,126.25809,38,48,36,222,26.9,kma_aws
780,제주남원,33.27718,126.70438,25,56,33,223,15.0,kma_aws
781,구좌,33.5199,126.8777,17,59,38,222,30.0,kma_aws
782,성판악,33.38514,126.6194,760,54,35,223,11.2,kma_aws
783,과기원,35.23027,126.84077,30,58,76,34,7.1,kma_aws
784,시종,34.87718,126.61258,22,54,68,45,14.1,kma_aws
785,북일,34.46383,126.6763,13,55,59,44,11.2,kma_aws
786,돌산,34.63811,127.77409,17,75,63,27,18.0,kma_aws
787,도화,34.50672,127.31716,12,67,60,39,11.2,kma_aws
788,풍암,35.13159,126.88132,65,59,74,32,0.0,kma_aws
789,압해도,34.87643,126.2929,8,48,68,26,11.2,kma_aws
790,나로도,34.53258,127.46735,135,69,61,39,15.8,kma_aws
791,피아골,35.26621,127.58376,410,71,77,38,14.1,kma_aws
792,표선,33.36302,126.81839,89,58,35,223,26.9,kma_aws
793,대정,33.24101,126.22626,2,47,32,223,30.4,kma_aws
794,황전,35.10066,127.42739,76,68,73,38,11.2,kma_aws
795,옥과,35.27532,127.13899,86,63,77,254,10.0,kma_aws
796,초도,34.23775,127.24476,37,66,54,39,40.0,kma_aws
797,하태도,34.39498,125.29953,35,30,58,,90.1,kma_aws
798,홍도,34.68551,125.19236,23,28,64,,103.1,kma_aws
799,낙월도,35.20198,126.13494,19,45,75,48,36.4,kma_aws
800,평해,36.72566,129.44368,6,103,110,198,25.5,kma_aws
801,영양,36.62497,129.088,217,97,107,190,5.0,kma_aws
802,온정,36.75743,129.34008,142,101,110,190,22.4,kma_aws
803,옥산,36.3947,128.81147,219,92,102,188,11.2,kma_aws
804,청하,36.19056,129.33921,37,102,98,178,15.0,kma_aws
805,죽장,36.17929,129.09434,227,97,98,189,25.5,kma_aws
806,선산,36.23336,128.2903,41,83,98,182,11.2,kma_aws
807,의흥,36.17966,128.69318,114,90,97,77,14.1,kma_aws
808,호미곶,36.07597,129.56673,11,106,96,178,20.6,kma_aws
809,대덕,35.93544,127.97919,205,78,92,180,22.4,kma_aws
810,성주,35.92552,128.2985,39,84,92,194,7.1,kma_aws
811,황성,35.86299,129.20929,32,100,91,179,0.0,kma_aws
812,고령,35.69603,128.28214,41,83,87,193,0.0,kma_aws
813,청도,35.65404,128.73183,77,91,86,192,0.0,kma_aws
814,부석,36.97916,128.66103,302,89,115,197,11.2,kma_aws
815,예천,36.65996,128.46461,102,86,108,196,5.0,kma_aws
816,구룡포,35.9831,129.5475,42,105,94,177,15.0,kma_aws
817,수비,36.78267,129.22121,381,99,111,190,18.0,kma_aws
818,마성,36.70781,128.14792,217,80,108,186,11.2,kma_aws
819,예안,36.65875,128.88641,203,93,108,181,14.1,kma_aws
820,하회,36.54819,128.52665,75,87,105,196,11.2,kma_aws
821,공성,36.28187,128.07393,91,79,99,180,15.8,kma_aws
822,김천,36.11987,128.1552,79,81,96,180,5.0,kma_aws
823,군위,36.24934,128.55577,81,88,99,77,0.0,kma_aws
824,가산,36.0956,128.50008,115,87,95,195,14.1,kma_aws
825,칠곡,36.03977,128.3813,29,85,94,195,5.0,kma_aws
826,신녕,36.04709,128.79003,131,92,94,184,15.8,kma_aws
827,경산,35.82425,128.743,61,91,90,187,0.0,kma_aws
828,달성,35.69018,128.42384,24,86,86,76,10.0,kma_aws
829,외동,35.71214,129.31815,72,102,88,97,15.8,kma_aws
830,기계,36.06887,129.19957,45,99,95,178,15.0,kma_aws
831,석포,37.04012,128.99708,663,95,116,228,15.0,kma_aws
832,단북,36.39066,128.42855,67,86,102,77,18.0,kma_aws
833,은척,36.53829,128.04189,174,79,105,186,11.2,kma_aws
834,화서,36.44122,127.9442,284,77,103,153,20.0,kma_aws
835,봉화읍,36.89316,128.71601,185,90,113,197,0.0,kma_aws
836,현서,36.27943,128.89601,316,94,100,189,18.0,kma_aws
837,이산,36.8268,128.6429,187,89,111,183,0.0,kma_aws
838,동로,36.79066,128.27046,451,82,110,186,20.6,kma_aws
839,길안,36.45834,128.89544,129,94,103,189,10.0,kma_aws
840,하양,35.9126,128.8144,71,93,92,184,11.2,kma_aws
841,화북,36.08494,128.91106,138,94,95,184,11.2,kma_aws
842,산내,35.7576,129.011,170,96,88,179,25.0,kma_aws
843,금강송,36.93611,129.25013,220,99,114,198,15.8,kma_aws
844,영덕읍,36.43551,129.35859,22,102,103,191,0.0,kma_aws
845,대구북구,35.90842,128.59068,30,89,91,73,0.0,kma_aws
846,대구서구,35.86509,128.53095,76,88,90,71,0.0,kma_aws
847,소보,36.27623,128.46637,70,86,99,77,10.0,kma_aws
848,청도금천,35.67916,128.89534,104,94,87,192,15.8,kma_aws
849,지보,36.54689,128.3871,85,85,105,196,11.2,kma_aws
850,감포,35.78471,129.49062,6,105,89,97,22.4,kma_aws
851,소곡,37.05137,129.35206,79,101,117,198,11.2,kma_aws
852,죽변,37.0606,129.426,41,102,117,198,10.0,kma_aws
853,팔공산,36.01827,128.62129,568,89,94,73,15.0,kma_aws
854,삼동,35.49528,129.13357,166,99,83,98,11.2,kma_aws
855,가파도,33.1733,126.26833,4,48,31,223,26.9,kma_aws
856,광양백운산,35.1018,127.59815,514,72,73,217,10.0,kma_aws
857,완도읍,34.29995,126.71737,8,56,56,50,5.0,kma_aws
858,지산,34.42956,126.17006,34,46,58,51,11.2,kma_aws
859,토함산,35.7549,129.36873,475,103,88,97,15.0,kma_aws
860,신암,35.88515,128.61903,58,89,91,73,0.0,kma_aws
861,제주김녕,33.55563,126.77295,21,57,39,222,20.6,kma_aws
862,송당,33.47056,126.77919,196,57,37,222,20.6,kma_aws
863,외도,33.47688,126.43165,52,51,37,222,11.2,kma_aws
864,완산,35.82149,127.15497,54,63,89,242,0.0,kma_aws
865,오등,33.45766,126.52202,233,53,37,222,5.0,kma_aws
867,삼각봉,33.37694,126.53049,1503,53,35,223,10.0,kma_aws
868,사제비,33.37598,126.49802,1397,52,35,223,11.2,kma_aws
869,영실,33.34832,126.4964,1260,52,35,223,11.2,kma_aws
870,진달래밭,33.36978,126.55571,1488,53,35,223,10.0,kma_aws
871,윗세오름,33.3623,126.51811,1675,52,35,223,11.2,kma_aws
872,지리산,35.31924,127.75642,869,74,78,218,14.1,kma_aws
874,동송,38.14163,127.21965,163,64,139,236,5.0,kma_aws
875,설악산,38.1211,128.4606,1595,85,139,229,14.1,kma_aws
876,삼척,37.45003,129.16214,57,97,125,230,5.0,kma_aws
877,문막,37.31339,127.80486,59,74,121,225,11.2,kma_aws
878,도계,37.22379,129.09609,817,96,120,228,7.1,kma_aws
881,새만금,35.72945,126.52885,10,52,87,256,20.0,kma_aws
882,상무대,35.25255,126.60526,120,54,76,48,11.2,kma_aws
883,새별오름,33.36233,126.35989,435,50,35,223,18.0,kma_aws
885,한남,33.33143,126.67846,244,55,34,223,11.2,kma_aws
886,군산산단,35.95048,126.59117,5,53,92,172,14.1,kma_aws
888,청남대,36.46267,127.49074,96,69,103,92,14.1,kma_aws
889,현충원,37.50036,126.97652,16,60,125,3,5.0,kma_aws
890,제주가시리,33.38535,126.73362,275,56,35,223,18.0,kma_aws
892,성산수산,33.45011,126.85127,102,59,37,222,30.4,kma_aws
893,애월,33.46592,126.32745,5,49,37,222,20.6,kma_aws
898,장생포,35.50482,129.386,1,103,83,96,5.0,kma_aws
899,마산회원,35.22354,128.58215,33,89,76,202,0.0,kma_aws
900,두서,35.62027,129.14356,117,99,85,98,11.2,kma_aws
901,울기,35.48678,129.43531,67,104,83,96,0.0,kma_aws
902,시천,35.24229,127.81897,137,75,76,217,15.8,kma_aws
903,도천,35.40387,128.51486,14,88,80,214,15.8,kma_aws
904,사상,35.16944,128.97505,0,96,75,67,0.0,kma_aws
905,양산상북,35.4414,129.04288,83,97,81,211,10.0,kma_aws
906,화개,35.23236,127.64269,89,72,76,38,15.8,kma_aws
907,삼천포,34.93211,128.06313,29,80,70,207,5.0,kma_aws
908,진해,35.11221,128.7537,11,92,74,204,7.1,kma_aws
909,서이말,34.78774,128.73825,109,92,67,210,14.1,kma_aws
910,영도,35.06609,129.07421,139,98,73,56,5.0,kma_aws
911,매물도,34.64893,128.57715,69,89,64,206,22.4,kma_aws
912,백천,35.52627,127.77836,140,75,83,219,7.1,kma_aws
913,상주면,34.7238,127.98155,19,79,65,216,18.0,kma_aws
914,서하,35.63763,127.71556,353,73,85,252,15.0,kma_aws
915,삼가,35.41353,128.10178,85,80,80,212,18.0,kma_aws
916,단성,35.31111,127.96696,55,78,78,218,14.1,kma_aws
917,사천,35.03694,128.06768,25,80,72,207,5.0,kma_aws
918,고성,34.99052,128.33089,7,85,71,215,0.0,kma_aws
919,창녕,35.55142,128.47669,30,87,83,214,0.0,kma_aws
920,함안,35.29613,128.39942,8,86,78,213,5.0,kma_aws
921,가덕도,34.99308,128.83141,75,94,72,62,14.1,kma_aws
922,단장,35.48645,128.92911,138,95,82,209,15.8,kma_aws
923,기장,35.27505,129.25113,66,101,78,68,7.1,kma_aws
924,간절곶,35.35866,129.36028,22,103,80,96,15.8,kma_aws
925,생림,35.37435,128.82299,8,93,80,209,15.8,kma_aws
926,진북,35.12624,128.47483,13,87,74,202,14.1,kma_aws
927,송백,35.58197,128.88365,126,94,84,209,11.2,kma_aws
928,웅상,35.41623,129.17313,100,99,81,211,14.1,kma_aws
929,개천,35.11369,128.30701,129,84,74,205,15.8,kma_aws
930,사량도,34.80992,128.23814,6,83,67,206,20.6,kma_aws
931,욕지도,34.6223,128.27351,76,84,63,206,29.2,kma_aws
932,하동,35.06058,127.76664,4,75,72,217,7.1,kma_aws
933,금남,34.99676,127.83238,32,76,71,217,14.1,kma_aws
934,수곡,35.2214,127.92848,82,77,76,205,20.6,kma_aws
935,청덕,35.56979,128.34114,23,85,84,214,11.2,kma_aws
936,신포,35.33263,128.2023,61,82,79,212,7.1,kma_aws
937,해운대,35.17721,129.16068,81,99,76,58,5.0,kma_aws
938,부산진,35.15888,129.01929,114,97,75,57,0.0,kma_aws
939,금정구,35.2932,129.10348,49,98,78,63,5.0,kma_aws
940,동래,35.20914,129.09013,70,98,76,58,0.0,kma_aws
941,북구,35.21304,129.00258,6,97,76,57,5.0,kma_aws
942,부산남구,35.11863,129.08841,124,98,74,56,0.0,kma_aws
943,매곡,35.66706,129.37502,460,103,87,97,10.0,kma_aws
944,길곡,35.38516,128.57005,10,89,80,200,15.8,kma_aws
945,대병,35.53452,127.9901,231,78,83,220,15.8,kma_aws
946,북상,35.78,127.81826,324,75,88,220,14.1,kma_aws
947,명사,34.72193,128.5908,30,90,65,210,20.0,kma_aws
948,삼장,35.31074,127.83448,140,76,78,218,10.0,kma_aws
949,정자,35.6375,129.4412,8,104,86,97,7.1,kma_aws
950,사하,35.09004,128.98393,127,96,74,62,0.0,kma_aws
951,내장산,35.50869,126.90733,105,59,82,246,7.1,kma_aws
953,장목,34.99839,128.67977,30,91,72,204,15.0,kma_aws
954,온산,35.43103,129.36011,53,103,81,96,11.2,kma_aws
964,마량,34.45902,126.81574,49,58,59,50,15.8,kma_aws
965,한라산남벽,33.35237,126.53303,1576,53,35,223,10.0,kma_aws
966,풍도,37.1161,126.3856,38,50,117,169,32.0,kma_aws
967,도리도,37.1189,126.6128,70,54,117,117,25.0,kma_aws
970,철원장흥,38.2016,127.25024,179,64,141,236,11.2,kma_aws
972,안동옥동,36.54983,128.6834,88,90,105,181,7.1,kma_aws
973,화순능주,35.0233,126.94961,39,60,71,41,7.1,kma_aws
974,대곡,35.24435,128.15605,16,81,77,205,10.0,kma_aws
977,오창가곡,36.72455,127.46688,40,69,109,148,10.0,kma_aws
978,춘천신북,37.95461,127.77626,140,73,135,224,5.0,kma_aws
980,강정,33.25992,126.48917,135,52,33,223,5.0,kma_aws
989,안덕화순,33.25792,126.32992,91,49,33,223,20.0,kma_aws
990,낙천,33.31822,126.2305,77,47,34,223,30.4,kma_aws
991,옥포,35.80279,128.44562,27,86,89,76,5.0,kma_aws
992,하빈,35.9062,128.4464,35,86,91,71,11.2,kma_aws
993,제주금악,33.34225,126.30985,279,49,34,223,20.6,kma_aws
994,심포,35.85446,126.64211,3,54,89,256,14.1,kma_aws
995,오천,35.9286,129.38223,80,103,92,177,11.2,kma_aws
996,화동,36.37207,127.89492,360,76,101,153,18.0,kma_aws
336812A001,아산시 염치읍,36.825733,126.967965,10,60,111,165,5.0,agri
363883B001,청원군 오창읍,36.723048,127.465076,40,69,109,148,10.0,agri
026002D003,태백시 매봉산,37.223085,128.965149,1153,94,120,228,7.1,agri
467800A001,이천시 중리동,37.272613,127.433055,90,68,120,133,5.0,agri
650821A001,통영시 광도면,34.87562,128.41228,42,86,69,206,7.1,agri
656933A001,거제시 거제면,34.85653,128.580512,41,89,68,210,7.1,agri
027926A001,증평군 증평읍,36.7812,127.6122,77,71,110,156,0.0,agri
017421F029,이천시 진암리,37.121126,127.609561,129,71,117,143,20.0,agri
011104F031,포천시 영북면,38.091344,127.280931,129,65,138,236,5.0,agri
456871A001,안성시 보개면,37.023927,127.287766,73,65,115,134,0.0,agri
482841A001,양주시 은현면,37.820466,126.972699,107,60,132,141,7.1,agri
469803A001,여주시 상거동,37.252264,127.637965,87,71,120,143,5.0,agri
476801A001,양평군 양평읍,37.508976,127.512955,191,69,126,146,5.0,agri
486803A001,연천군 연천읍,38.084363,127.078432,49,61,138,144,0.0,agri
449872A001,용인시 처인구,37.173868,127.298907,149,65,118,129,7.1,agri
370853A001,영동군 심천면,36.206879,127.716382,100,73,97,155,5.0,agri
343808A001,당진시 당진읍,36.913772,126.649689,11,54,112,169,0.0,agri
411801A001,고양시 구산동,37.674538,126.7007,24,55,129,119,5.0,agri
477802A001,가평군 가평읍,37.846217,127.500637,80,69,133,145,0.0,agri
441707D001,수원시 서둔동,37.27361,126.992995,46,60,120,101,0.0,agri
486831E011,연천군 신서면,38.171579,127.103347,126,62,140,144,11.2,agri
415743A001,김포시 월곶면,37.694893,126.55615,43,53,129,87,11.2,agri
018544F032,화성시 마도면,37.172076,126.752365,283,56,118,117,15.8,agri
472830A001,남양주 진건읍,37.649775,127.193272,88,63,129,7,7.1,agri
429843A001,시흥시 하중동,37.401044,126.807902,12,57,123,125,0.0,agri
017414F020,이천시 장호원,37.1147,127.5906,72,71,117,143,20.0,agri
037251A006,상주시 낙동면,36.36711,128.30839,52,83,101,185,11.2,agri
365803A001,진천군 진천읍,36.853859,127.429773,101,68,111,157,0.0,agri
745230A001,문경시 흥덕동,36.613889,128.207531,85,82,106,186,5.0,agri
031028F034,천안시 직산읍,36.889452,127.096154,18,62,112,162,5.0,agri
520853A003,나주시 봉황면,34.958215,126.748405,29,56,70,29,5.0,agri
412040A002,고양시 덕양구,37.649186,126.870367,39,58,128,118,5.0,agri
464030A001,광주시 목현동,37.432315,127.233945,91,64,124,104,5.0,agri
038882F017,영천시 금호읍,35.920652,128.863665,77,93,92,184,11.2,agri
037339B009,의성군 의성읍,36.341589,128.742805,142,91,101,188,5.0,agri
363844A001,청주시 남일면,36.587945,127.506459,58,69,106,147,0.0,agri
320862A001,논산시 광석면,36.227953,127.085603,31,62,98,167,5.0,agri
413813A001,파주시 아동동,37.764699,126.796181,23,57,131,132,5.0,agri
487915A001,포천시 신북면,37.92365,127.22573,128,64,135,142,5.0,agri
232815E001,평창군 운교리,37.537495,128.440677,622,85,127,234,20.6,agri
210913E001,강릉 안반덕이,37.619066,128.737483,1099,90,129,226,14.1,agri
235270E001,태백 귀네미골,37.335518,129.005281,728,95,123,230,18.0,agri
232941E001,평창군 진부면,37.670056,128.594302,584,88,130,226,20.6,agri
250845E001,홍천군 자운리,37.717522,128.380235,720,84,130,234,35.0,agri
240813A001,동해시 북평동,37.485202,129.118824,55,97,126,227,5.0,agri
245825A002,삼척시 미로면,37.410268,129.106246,26,97,124,230,7.1,agri
245832A001,삼척시 근덕면,37.38477,129.22837,19,99,124,230,7.1,agri
217060A001,속초시 대포동,38.169195,128.59971,68,87,140,229,5.0,agri
255840A001,양구군 만대리,38.263153,128.263153,501,81,142,239,20.6,agri
255840A002,양구군 후리,38.297008,128.142462,457,79,143,238,22.4,agri
215821A001,양양군 양양읍,38.091996,128.632438,23,88,139,241,5.0,agri
230802A001,영월군 영월읍,37.167636,128.477164,220,86,119,233,0.0,agri
220844A001,원주시 흥업면,37.295032,127.917026,154,76,121,225,5.0,agri
451873A001,평택시 오성면,37.012578,126.980651,31,60,115,114,11.2,agri
445891A001,화성시 장안면,37.077309,126.873802,42,58,116,136,7.1,agri
252805A001,인제군 인제읍,38.096575,128.184153,229,80,139,239,5.0,agri
233852A001,정선군 정선읍,37.423325,128.653951,374,89,124,235,5.0,agri
233852A002,정선군 임계면,37.504718,128.876329,550,92,126,235,21.2,agri
269811A001,철원군 동송읍,38.20324,127.25026,205,64,141,236,11.2,agri
200821A001,춘천시 신북읍,37.934,127.753772,98,73,135,224,5.0,agri
235802A001,태백시 황지동,37.206345,128.985701,733,95,120,228,5.0,agri
232803A001,평창군 여만리,37.377157,128.394023,293,84,123,234,0.0,agri
250802A001,홍천군 화동리,37.705662,127.859437,139,75,130,231,0.0,agri
209802A001,화천군 화천읍,38.11013,127.69449,139,72,139,237,0.0,agri
225874A001,횡성군 공근면,37.527507,127.960664,146,77,126,232,5.0,agri
027486F033,충주시 안림동,36.968666,127.972259,100,77,114,151,5.0,agri
373805A001,옥천군 옥천읍,36.29997,127.596539,117,71,99,154,0.0,agri
269804A001,음성군 소이면,36.913667,127.761758,100,74,113,158,10.0,agri
390874A001,제천시 봉양읍,37.161568,128.176683,320,81,118,152,0.0,agri
380959A001,충주시 달천동,36.95015,127.897287,76,76,114,151,0.0,agri
321916A001,계룡시 두마면,36.261692,127.27726,148,65,98,168,5.0,agri
032528A001,공주시 우성면,36.493405,127.099242,46,62,103,163,7.1,agri
026136A003,정선군 신동읍,37.25988,128.584771,261,88,121,235,11.2,agri
312831A001,금산군 금성면,36.12585,127.494087,168,69,96,170,5.0,agri
355831A001,보령시 주교면,36.391157,126.566011,49,53,101,164,7.1,agri
330846A001,천안시 목천읍,36.77527,127.207218,112,64,110,161,5.0,agri
031004A002,천안시 성환읍,36.959939,127.130061,9,63,114,114,5.0,agri
345802A001,청양군 청양읍,36.425457,126.7957,192,57,102,173,5.0,agri
350808A001,홍성군 홍성읍,36.602633,126.579214,78,53,106,174,10.0,agri
590834E001,남원시 운봉읍,35.438512,127.528434,471,70,81,247,11.2,agri
579824E001,부안군 계화면,35.772814,126.669586,7,55,88,256,7.1,agri
323891D002,완주군 이서면,35.828812,127.045591,32,61,89,242,10.0,agri
055640F028,장수군 개정리,35.622219,127.519085,535,70,85,252,0.0,agri
055365F016,완주군 반교리,35.83029,127.032277,67,61,89,242,10.0,agri
054065A001,군산시 개정면,35.96131,126.77981,47,57,92,244,5.0,agri
576040A001,김제시 부량면,35.746448,126.851465,24,58,87,248,7.1,agri
590823A001,남원시 이백면,35.42607,127.43794,152,69,80,247,5.0,agri
588802A001,무주군 무주읍,36.00395,127.67197,214,72,93,251,0.0,agri
595870A001,순창군 구림면,35.438217,127.041206,269,61,80,36,10.0,agri
323814A001,부여군 규암면,36.259152,126.84263,24,58,98,171,7.1,agri
340861A001,예산군 신암면,36.742096,126.814453,29,57,109,175,11.2,agri
357903A001,태안군 태안읍,36.732854,126.304779,31,48,109,176,0.0,agri
565862A001,완주군 고산면,35.984942,127.22152,78,65,92,242,18.0,agri
570802A001,익산시 함열읍,36.041252,126.959007,16,60,94,245,15.0,agri
566822A001,임실군 신평면,35.6562,127.26601,225,65,85,253,7.1,agri
597803A001,장수군 장수읍,35.61981,127.511547,478,70,85,252,0.0,agri
580813A001,정읍시 정우면,35.62171,126.89517,30,59,84,246,7.1,agri
567801A002,진안군 진안읍,35.76033,127.4374,362,68,88,250,0.0,agri
059223A001,강진군 군동면,34.643813,126.79003,8,57,63,43,0.0,agri
548912A001,고흥군 풍양면,34.56649,127.258118,52,66,61,39,5.0,agri
516821A001,곡성군 오곡면,35.273647,127.303444,71,66,77,37,0.0,agri
542805A001,구례군 구례읍,35.19729,127.46091,38,69,75,38,0.0,agri
534833E001,무안군 청계면,34.968496,126.456088,30,51,70,46,7.1,agri
520821F001,나주시 금천면,35.023714,126.747475,13,56,71,29,0.0,agri
520892A001,나주시 공산면,34.943792,126.606442,4,54,70,29,11.2,agri
520943A002,나주시 문평면,35.040042,126.601369,7,54,72,47,10.0,agri
534844A001,무안군 현경면,35.028553,126.445676,67,51,71,46,5.0,agri
540814A001,순천시 주암면,35.057589,127.282502,20,66,72,38,21.2,agri
535812A001,신안군 압해읍,34.859438,126.298982,23,48,68,26,11.2,agri
555130A001,여수시 주삼동,34.787535,127.654342,26,73,66,27,0.0,agri
513842A001,영광군 군서면,35.282273,126.467963,20,51,77,48,5.0,agri
526821A001,영암군 덕진면,34.825284,126.67312,28,55,67,45,7.1,agri
515804A001,장성군 장성읍,35.318504,126.795953,61,57,78,49,5.0,agri
529805A001,장흥군 장흥읍,34.670615,126.910023,40,59,64,42,0.0,agri
536824B002,해남군 옥천면,34.581643,126.650299,28,55,62,44,7.1,agri
535873B003,나주시 산포면,35.02525,126.82402,26,58,71,29,10.0,agri
546804B001,보성군 보성읍,34.781884,127.095629,145,63,66,40,5.0,agri
537807B004,완도군 완도읍,34.371948,126.728212,8,56,57,50,7.1,agri
539823A001,진도군 군내면,34.51146,126.297726,41,48,60,51,5.0,agri
525811A001,함평군 학교면,35.052174,126.54173,12,53,72,47,5.0,agri
536806A001,해남군 삼산면,34.528355,126.559629,-1,53,61,44,5.0,agri
519822A001,화순군 한천면,34.973506,127.070652,139,62,70,41,11.2,agri
712851A001,경산시 자인면,35.817099,128.81138,62,93,89,187,11.2,agri
041404B001,대구시 북구,35.954844,128.561929,61,88,92,73,7.1,agri
780950A001,경주시 용강상리,35.867172,129.225273,110,100,91,179,0.0,agri
730802A001,구미시 선산읍,36.231566,128.288124,32,83,98,182,11.2,agri
039102B003,구미시 옥성면,36.328136,128.276722,40,83,100,185,14.1,agri
766851E001,영덕군 병곡면,36.568317,129.39596,17,102,106,191,15.0,agri
741862E001,상주시 화서면,36.439922,127.944468,294,77,103,153,20.0,agri
037136F022,상주시 외서면,36.494273,128.175989,81,81,104,185,10.0,agri
036043F024,영주시 봉현면,36.865479,128.494163,283,86,112,183,15.8,agri
039000F026,군위군 소보면,36.278721,128.466243,85,86,99,77,10.0,agri
037322D007,의성군 옥산면,36.415772,128.79889,182,92,102,188,11.2,agri
038316F030,청도군 구라리,35.647389,128.650926,100,90,86,192,5.0,agri
037448F025,청송군 부남면,36.301705,129.118517,314,98,100,189,18.0,agri
716823A001,군위군 효령면,36.180815,128.592121,115,89,97,77,11.2,agri
755851A001,봉화군 석포면,37.052205,129.003116,586,95,116,228,15.0,agri
755851A002,봉화군 봉성면,36.901232,128.773215,266,91,113,197,5.0,agri
036229B007,봉화군 외삼리,36.898583,128.808519,300,92,113,197,10.0,agri
037268B004,상주시 공성면,36.282266,128.073905,100,79,99,180,15.8,agri
742801A005,상주시 함창읍,36.5783,128.16343,98,81,106,186,0.0,agri
742290A001,상주시 초산동,36.453709,128.167128,66,81,103,185,5.0,agri
037127A003,상주시 사벌국면,36.47343,128.2246,84,82,103,185,7.1,agri
742912A002,상주시 모동면,36.30269,127.96512,240,77,100,155,21.2,agri
742871A004,상주시 화북면,36.54255,127.91734,325,76,105,153,18.0,agri
036614B005,안동시 북후면,36.66402,128.701039,134,90,108,181,11.2,agri
719862A001,성주군 대가면,35.914774,128.25265,60,83,91,194,0.0,agri
040054B002,성주군 대천리,35.879691,128.178152,122,81,90,194,11.2,agri
760380A001,안동시 송천동,36.538241,128.805059,78,92,105,181,7.1,agri
036531B008,영양군 대천리,36.654423,129.148644,227,98,108,190,5.0,agri
764803A001,영양군 영양읍,36.656083,129.146406,248,98,108,190,5.0,agri
750873A002,영주시 안풍리,36.85962,128.558386,206,87,112,183,11.2,agri
750852A006,영주시 평은면,36.764421,128.701674,220,90,110,183,7.1,agri
750823A005,영주시 부석면,37.002683,128.653016,386,89,115,197,11.2,agri
750804A003,영주시 풍기읍,36.884606,128.506292,273,87,112,183,11.2,agri
750873A001,영주시 안정로,36.846451,128.560921,173,88,112,183,7.1,agri
770270A001,영천시 오미동,35.990773,128.925302,110,95,93,184,0.0,agri
757802A001,예천군 예천읍,36.677084,128.462871,101,86,108,196,5.0,agri
767862A001,울진군 매화면,36.917219,129.379432,27,102,114,198,5.0,agri
769912A001,의성군 봉양면,36.322294,128.646461,90,89,100,77,7.1,agri
038303A002,청도군 각북면,35.669308,128.597659,126,89,86,192,10.0,agri
714902A001,청도군 화양읍,35.64969,128.734319,89,91,86,192,0.0,agri
038315B010,청도군 이서면,35.647869,128.648506,93,90,86,192,5.0,agri
763803A001,청송군 청송읍,36.390603,129.078498,217,97,102,189,7.1,agri
718814A001,칠곡군 약목면,36.039761,128.381284,47,85,94,195,5.0,agri
037947A004,포항시 장기면,35.89591,129.45222,64,104,92,177,14.1,agri
037524A002,포항시 기북면,36.153161,129.182697,170,99,97,178,18.0,agri
791945A001,포항시 북구,36.113064,129.306342,45,101,96,178,7.1,agri
036052B006,영주시 용산리,36.808828,128.540337,189,87,111,183,10.0,agri
660985B001,진주시 초전동,35.205386,128.116979,23,81,76,205,5.0,agri
050415C005,밀양시 산내면,35.594468,128.954681,258,95,85,209,18.0,agri
050124D004,거창군 동변리,35.720518,127.901423,288,77,87,220,5.0,agri
668812F002,남해군 이동면,34.816112,127.925598,46,78,67,216,7.1,agri
050115F027,거창군 주상면,35.759298,127.94553,320,77,88,220,10.0,agri
052546F018,사천시 송포동,34.9652,128.051011,76,80,70,207,5.0,agri
621100A001,김해시 전하동,35.214315,128.869621,5,94,76,208,7.1,agri
037506A003,포항시 죽장면,36.168024,129.028458,498,96,97,184,20.6,agri
638802A001,고성군 고성읍,34.99054,128.330906,20,85,71,215,0.0,agri
670807A001,거창군 거창읍,35.673187,127.921317,194,77,86,220,0.0,agri
627911A001,밀양시 상남면,35.44802,128.75795,7,92,81,209,10.0,agri
664951A001,사천시 용현면,35.036986,128.067669,188,80,72,207,5.0,agri
635821A001,창녕군 대지면,35.55139,128.476683,36,87,83,214,0.0,agri
051394A001,창원시 대산면,35.342594,128.707798,5,91,79,200,11.2,agri
667831A001,하동군 적량면,35.079433,127.769679,35,75,73,217,5.0,agri
052304A001,하동군 화개면,35.1625,127.6493,0,72,75,217,14.1,agri
678806A001,합천군 용주면,35.55128,128.112394,49,80,83,221,7.1,agri
063527F012,서귀포 덕수리,33.254689,126.300597,67,49,33,223,20.0,agri
063048F003,제주시 신엄리,33.458889,126.369089,105,50,37,222,15.8,agri
063190F010,제주시 금악리,33.359472,126.292617,18,48,35,223,26.9,agri
063240F009,제주시 오등동,33.465883,126.539128,208,53,37,222,5.0,agri
063356F008,제주시 구좌읍,33.503219,126.771106,126,57,38,222,20.0,agri
063501F011,서귀포 대정읍,33.274011,126.227658,49,47,33,223,30.0,agri
063532F013,서귀포 창천리,33.265283,126.367347,162,50,33,223,15.0,agri
063541F014,서귀포 하원동,33.274613,126.481032,112,52,33,223,5.0,agri
063605F004,서귀포 신효동,33.269842,126.613331,75,54,33,223,5.0,agri
063607F015,서귀포 남원읍,33.30227,126.61213,193,54,34,223,7.1,agri
063616F005,서귀포 신흥리,33.305745,126.746068,45,57,34,223,20.6,agri
063626F006,서귀포 표선면,33.33378,126.77825,102,57,34,223,20.6,agri
063641F007,서귀포 성산읍,33.440521,126.89439,41,59,37,222,30.4,agri
695907A001,제주시 월각로,33.376914,126.329796,308,49,35,223,22.4,agri
695971A001,제주시 김녕리,33.550205,126.750555,36,57,39,222,20.6,agri
063352B012,제주시 세화리,33.510835,126.843552,36,58,38,222,25.0,agri
695913A001,제주시 곽지리,33.449251,126.32239,87,49,37,222,20.6,agri
699946A001,서귀포 하례리,33.28899,126.61167,142,54,33,223,5.0,agri
695923A001,제주시 한림읍,33.353543,126.247935,19,48,35,223,26.9,agri
695909B001,제주시 상귀길,33.45941,126.403918,102,50,37,222,15.8,agri
063531B010,서귀포 감산리,33.261089,126.354976,125,50,33,223,15.0,agri
063336B011,제주시 조천읍,33.3171,126.3749,37,50,34,223,15.8,agri
063355A013,제주시 송당리,33.456187,126.780071,236,57,37,222,20.6,agri
063550B007,서귀포 중문동,33.26633,126.4322,163,51,33,223,10.0,agri
063057B009,제주시 애월읍,33.447724,126.412302,199,51,37,222,11.2,agri
053359B008,제주시 한동리,33.534836,126.832344,9,58,39,222,25.5,agri
137180A001,서울시 서초구,37.465411,127.089967,58,62,125,5,5.0,agri
409911A001,옹진군 백령면,37.95742,124.71063,11,21,135,,152.1,agri
045012F021,울주군 서생면,35.363938,129.302578,65,102,80,68,18.0,agri
689861A001,울주군 청량읍,35.524117,129.267043,51,101,83,98,5.0,agri
409871A001,옹진군 영흥면,37.252884,126.460345,11,51,120,80,25.0,agri
618803A001,부산시 강서구,35.209372,128.961285,3,96,76,60,0.0,agri
