id,name,sido,bjd_code
1,종로구,서울특별시,1111000000
2,중구,서울특별시,1114000000
3,용산구,서울특별시,1117000000
4,성동구,서울특별시,1120000000
5,광진구,서울특별시,1121500000
6,동대문구,서울특별시,1123000000
7,중랑구,서울특별시,1126000000
8,성북구,서울특별시,1129000000
9,강북구,서울특별시,1130500000
10,도봉구,서울특별시,1132000000
11,노원구,서울특별시,1135000000
12,은평구,서울특별시,1138000000
13,서대문구,서울특별시,1141000000
14,마포구,서울특별시,1144000000
15,양천구,서울특별시,1147000000
16,강서구,서울특별시,1150000000
17,구로구,서울특별시,1153000000
18,금천구,서울특별시,1154500000
19,영등포구,서울특별시,1156000000
20,동작구,서울특별시,1159000000
21,관악구,서울특별시,1162000000
22,서초구,서울특별시,1165000000
23,강남구,서울특별시,1168000000
24,송파구,서울특별시,1171000000
25,강동구,서울특별시,1174000000
26,목포시,전남광주통합특별시,1211000000
27,여수시,전남광주통합특별시,1213000000
28,순천시,전남광주통합특별시,1215000000
29,나주시,전남광주통합특별시,1217000000
30,광양시,전남광주통합특별시,1219000000
31,동구,전남광주통합특별시,1221000000
32,서구,전남광주통합특별시,1224000000
33,남구,전남광주통합특별시,1227000000
34,북구,전남광주통합특별시,1230000000
35,광산구,전남광주통합특별시,1233000000
36,담양군,전남광주통합특별시,1271000000
37,곡성군,전남광주통합특별시,1272000000
38,구례군,전남광주통합특별시,1273000000
39,고흥군,전남광주통합특별시,1274000000
40,보성군,전남광주통합특별시,1275000000
41,화순군,전남광주통합특별시,1276000000
42,장흥군,전남광주통합특별시,1277000000
43,강진군,전남광주통합특별시,1278000000
44,해남군,전남광주통합특별시,1279000000
45,영암군,전남광주통합특별시,1280000000
46,무안군,전남광주통합특별시,1281000000
47,함평군,전남광주통합특별시,1282000000
48,영광군,전남광주통합특별시,1283000000
49,장성군,전남광주통합특별시,1284000000
50,완도군,전남광주통합특별시,1285000000
51,진도군,전남광주통합특별시,1286000000
52,신안군,전남광주통합특별시,1287000000
53,중구,부산광역시,2611000000
54,서구,부산광역시,2614000000
55,동구,부산광역시,2617000000
56,영도구,부산광역시,2620000000
57,부산진구,부산광역시,2623000000
58,동래구,부산광역시,2626000000
59,남구,부산광역시,2629000000
60,북구,부산광역시,2632000000
61,해운대구,부산광역시,2635000000
62,사하구,부산광역시,2638000000
63,금정구,부산광역시,2641000000
64,강서구,부산광역시,2644000000
65,연제구,부산광역시,2647000000
66,수영구,부산광역시,2650000000
67,사상구,부산광역시,2653000000
68,기장군,부산광역시,2671000000
69,중구,대구광역시,2711000000
70,동구,대구광역시,2714000000
71,서구,대구광역시,2717000000
72,남구,대구광역시,2720000000
73,북구,대구광역시,2723000000
74,수성구,대구광역시,2726000000
75,달서구,대구광역시,2729000000
76,달성군,대구광역시,2771000000
77,군위군,대구광역시,2772000000
78,제물포구,인천광역시,2812500000
79,영종구,인천광역시,2815500000
80,미추홀구,인천광역시,2817700000
81,연수구,인천광역시,2818500000
82,남동구,인천광역시,2820000000
83,부평구,인천광역시,2823700000
84,계양구,인천광역시,2824500000
85,서해구,인천광역시,2827500000
86,검단구,인천광역시,2829000000
87,강화군,인천광역시,2871000000
88,옹진군,인천광역시,2872000000
89,동구,대전광역시,3011000000
90,중구,대전광역시,3014000000
91,서구,대전광역시,3017000000
92,유성구,대전광역시,3020000000
93,대덕구,대전광역시,3023000000
94,중구,울산광역시,3111000000
95,남구,울산광역시,3114000000
96,동구,울산광역시,3117000000
97,북구,울산광역시,3120000000
98,울주군,울산광역시,3171000000
99,세종시,세종특별자치시,3611000000
100,수원시장안구,경기도,4111100000
101,수원시권선구,경기도,4111300000
102,수원시팔달구,경기도,4111500000
103,수원시영통구,경기도,4111700000
104,성남시수정구,경기도,4113100000
105,성남시중원구,경기도,4113300000
106,성남시분당구,경기도,4113500000
107,의정부시,경기도,4115000000
108,안양시만안구,경기도,4117100000
109,안양시동안구,경기도,4117300000
110,부천시원미구,경기도,4119200000
111,부천시소사구,경기도,4119400000
112,부천시오정구,경기도,4119600000
113,광명시,경기도,4121000000
114,평택시,경기도,4122000000
115,동두천시,경기도,4125000000
116,안산시상록구,경기도,4127100000
117,안산시단원구,경기도,4127300000
118,고양시덕양구,경기도,4128100000
119,고양시일산동구,경기도,4128500000
120,고양시일산서구,경기도,4128700000
121,과천시,경기도,4129000000
122,구리시,경기도,4131000000
123,남양주시,경기도,4136000000
124,오산시,경기도,4137000000
125,시흥시,경기도,4139000000
126,군포시,경기도,4141000000
127,의왕시,경기도,4143000000
128,하남시,경기도,4145000000
129,용인시처인구,경기도,4146100000
130,용인시기흥구,경기도,4146300000
131,용인시수지구,경기도,4146500000
132,파주시,경기도,4148000000
133,이천시,경기도,4150000000
134,안성시,경기도,4155000000
135,김포시,경기도,4157000000
136,화성시만세구,경기도,4159100000
137,화성시효행구,경기도,4159300000
138,화성시병점구,경기도,4159500000
139,화성시동탄구,경기도,4159700000
140,광주시,경기도,4161000000
141,양주시,경기도,4163000000
142,포천시,경기도,4165000000
143,여주시,경기도,4167000000
144,연천군,경기도,4180000000
145,가평군,경기도,4182000000
146,양평군,경기도,4183000000
147,청주시상당구,충청북도,4311100000
148,청주시서원구,충청북도,4311200000
149,청주시흥덕구,충청북도,4311300000
150,청주시청원구,충청북도,4311400000
151,충주시,충청북도,4313000000
152,제천시,충청북도,4315000000
153,보은군,충청북도,4372000000
154,옥천군,충청북도,4373000000
155,영동군,충청북도,4374000000
156,증평군,충청북도,4374500000
157,진천군,충청북도,4375000000
158,괴산군,충청북도,4376000000
159,음성군,충청북도,4377000000
160,단양군,충청북도,4380000000
161,천안시동남구,충청남도,4413100000
162,천안시서북구,충청남도,4413300000
163,공주시,충청남도,4415000000
164,보령시,충청남도,4418000000
165,아산시,충청남도,4420000000
166,서산시,충청남도,4421000000
167,논산시,충청남도,4423000000
168,계룡시,충청남도,4425000000
169,당진시,충청남도,4427000000
170,금산군,충청남도,4471000000
171,부여군,충청남도,4476000000
172,서천군,충청남도,4477000000
173,청양군,충청남도,4479000000
174,홍성군,충청남도,4480000000
175,예산군,충청남도,4481000000
176,태안군,충청남도,4482500000
177,포항시남구,경상북도,4711100000
178,포항시북구,경상북도,4711300000
179,경주시,경상북도,4713000000
180,김천시,경상북도,4715000000
181,안동시,경상북도,4717000000
182,구미시,경상북도,4719000000
183,영주시,경상북도,4721000000
184,영천시,경상북도,4723000000
185,상주시,경상북도,4725000000
186,문경시,경상북도,4728000000
187,경산시,경상북도,4729000000
188,의성군,경상북도,4773000000
189,청송군,경상북도,4775000000
190,영양군,경상북도,4776000000
191,영덕군,경상북도,4777000000
192,청도군,경상북도,4782000000
193,고령군,경상북도,4783000000
194,성주군,경상북도,4784000000
195,칠곡군,경상북도,4785000000
196,예천군,경상북도,4790000000
197,봉화군,경상북도,4792000000
198,울진군,경상북도,4793000000
199,울릉군,경상북도,4794000000
200,창원시의창구,경상남도,4812100000
201,창원시성산구,경상남도,4812300000
202,창원시마산합포구,경상남도,4812500000
203,창원시마산회원구,경상남도,4812700000
204,창원시진해구,경상남도,4812900000
205,진주시,경상남도,4817000000
206,통영시,경상남도,4822000000
207,사천시,경상남도,4824000000
208,김해시,경상남도,4825000000
209,밀양시,경상남도,4827000000
210,거제시,경상남도,4831000000
211,양산시,경상남도,4833000000
212,의령군,경상남도,4872000000
213,함안군,경상남도,4873000000
214,창녕군,경상남도,4874000000
215,고성군,경상남도,4882000000
216,남해군,경상남도,4884000000
217,하동군,경상남도,4885000000
218,산청군,경상남도,4886000000
219,함양군,경상남도,4887000000
220,거창군,경상남도,4888000000
221,합천군,경상남도,4889000000
222,제주시,제주특별자치도,5011000000
223,서귀포시,제주특별자치도,5013000000
224,춘천시,강원특별자치도,5111000000
225,원주시,강원특별자치도,5113000000
226,강릉시,강원특별자치도,5115000000
227,동해시,강원특별자치도,5117000000
228,태백시,강원특별자치도,5119000000
229,속초시,강원특별자치도,5121000000
230,삼척시,강원특별자치도,5123000000
231,홍천군,강원특별자치도,5172000000
232,횡성군,강원특별자치도,5173000000
233,영월군,강원특별자치도,5175000000
234,평창군,강원특별자치도,5176000000
235,정선군,강원특별자치도,5177000000
236,철원군,강원특별자치도,5178000000
237,화천군,강원특별자치도,5179000000
238,양구군,강원특별자치도,5180000000
239,인제군,강원특별자치도,5181000000
240,고성군,강원특별자치도,5182000000
241,양양군,강원특별자치도,5183000000
242,전주시완산구,전북특별자치도,5211100000
243,전주시덕진구,전북특별자치도,5211300000
244,군산시,전북특별자치도,5213000000
245,익산시,전북특별자치도,5214000000
246,정읍시,전북특별자치도,5218000000
247,남원시,전북특별자치도,5219000000
248,김제시,전북특별자치도,5221000000
249,완주군,전북특별자치도,5271000000
250,진안군,전북특별자치도,5272000000
251,무주군,전북특별자치도,5273000000
252,장수군,전북특별자치도,5274000000
253,임실군,전북특별자치도,5275000000
254,순창군,전북특별자치도,5277000000
255,고창군,전북특별자치도,5279000000
256,부안군,전북특별자치도,5280000000
