no,crop_Se_Cd,crop_Se_Nm,crop_Cd,crop_Nm
1,01,곡류(기타),00001,보리(중북부)
2,01,곡류(기타),00002,맥주보리
3,01,곡류(기타),00003,콩
4,01,곡류(기타),00004,콩(개간지)
5,01,곡류(기타),00005,옥수수
6,01,곡류(기타),00006,단옥수수
7,03,서류,00007,고구마
8,02,유지류,00009,참깨
9,02,유지류,00011,땅콩
10,06,인경채류,00013,양파
11,03,서류,00017,"감자(남부,봄재배)"
12,03,서류,00018,"감자(남부,가을재배)"
13,04,과채류,00019,고추(노지)
14,04,과채류,00020,고추(시설)
15,06,인경채류,00021,마늘
16,05,근채류,00023,생강(노지)
17,05,근채류,00024,생강(시설)
18,04,과채류,00025,토마토(노지)
19,04,과채류,00026,토마토(시설)
20,04,과채류,00027,오이(노지)
21,04,과채류,00028,오이(시설)
22,07,경엽채류,00029,상추(노지)
23,07,경엽채류,00030,상추(시설)
24,04,과채류,00031,딸기(노지)
25,04,과채류,00032,딸기(시설)
26,05,근채류,00033,당근
27,05,근채류,00035,무(노지)
28,05,근채류,00036,무(시설)
29,07,경엽채류,00037,배추(노지)
30,07,경엽채류,00038,배추(시설)
31,07,경엽채류,00039,양배추(노지)
32,07,경엽채류,00040,양배추(시설)
33,04,과채류,00041,참외(노지)
34,04,과채류,00042,참외(시설)
35,04,과채류,00043,수박(노지)
36,04,과채류,00044,수박(시설)
37,04,과채류,00046,가지(노지)
38,04,과채류,00047,가지(시설)
39,07,경엽채류,00048,시금치(노지)
40,07,경엽채류,00049,시금치(시설)
41,04,과채류,00050,호박(노지)
42,04,과채류,00051,호박(시설)
43,07,경엽채류,00052,쑥갓(노지)
44,07,경엽채류,00053,쑥갓(시설)
45,07,경엽채류,00054,셀러리(노지)
46,07,경엽채류,00055,셀러리(시설)
47,07,경엽채류,00056,부추(노지)
48,07,경엽채류,00057,부추(시설)
49,07,경엽채류,00058,엔다이브
50,07,경엽채류,00059,오너멘탈케일
51,07,경엽채류,00060,스위트팬넬
52,09,과수,00061,사과(1-4년생)
53,09,과수,00062,사과(5-9년생)
54,09,과수,00063,사과(10-14년생)
55,09,과수,00064,사과(15-19년생)
56,09,과수,00065,사과(20년생 이상)
57,09,과수,00066,배(1-4년생)
58,09,과수,00067,배(5-9년생)
59,09,과수,00068,배(10-14년생)
60,09,과수,00069,배(15-19년생)
61,09,과수,00070,배(20년생 이상)
62,09,과수,00071,포도(1-2년생)
63,09,과수,00072,포도(3-4년생)
64,09,과수,00073,포도(5-10년생)
65,09,과수,00074,포도(11년생 이상)
66,09,과수,00075,복숭아(1-2년생)
67,09,과수,00076,복숭아(3-4년생)
68,09,과수,00077,복숭아(5-10년생)
69,09,과수,00078,복숭아(11년생 이상)
70,12,기타,00082,뽕나무(신규조성)
71,12,기타,00083,뽕나무
72,09,과수,00091,감귤온주(화산)1~2년
73,09,과수,00092,감귤온주(화산)3~7년
74,09,과수,00093,감귤온주(화산)8~12년
75,09,과수,00094,감귤온주(화산)13~17년
76,09,과수,00095,감귤만감(화산)1~5년
77,09,과수,00096,감귤만감(화산)6~10년
78,09,과수,00097,감귤만감(화산)11~19년
79,09,과수,00098,감귤만감(화산)20년이상
80,09,과수,00099,감귤온주(비화)1~2년
81,09,과수,00100,감귤온주(비화)3~7년
82,09,과수,00101,감귤온주(비화)8~12년
83,09,과수,00102,감귤온주(비화)13~17년
84,09,과수,00103,감귤만감(비화)1~5년
85,09,과수,00104,감귤만감(비화)6~10년
86,09,과수,00105,감귤만감(비화)11~19년
87,09,과수,00106,감귤만감(비화)20년이상
88,09,과수,00107,밤나무(1년생)
89,09,과수,00108,밤나무(2년생)
90,09,과수,00109,밤나무(3년생)
91,09,과수,00110,밤나무(4년생)
92,09,과수,00111,밤나무(5-6년생)
93,09,과수,00112,밤나무(7-9년생)
94,09,과수,00113,밤나무(10-14년생)
95,09,과수,00114,밤나무(15-19년생)
96,09,과수,00115,밤나무(20-25년생)
97,11,화훼류,00121,장미
98,11,화훼류,00122,국화
99,11,화훼류,00124,카네이션(시설재배)
100,11,화훼류,00125,구근류(시설재배)
101,11,화훼류,00126,1년초(절화)
102,11,화훼류,00127,1년초(노지)
103,12,기타,00128,"연초(담배,황색종)"
104,12,기타,00129,"연초(담배, 버이리종)"
105,02,유지류,00130,유채(고정품종)점파
106,02,유지류,00131,유채(1대잡종)점파
107,10,약용작물,00132,백하수오
108,10,약용작물,00133,지황(재래종)
109,14,사료작물,00149,목초(조성용)
110,10,약용작물,00135,반하
111,10,약용작물,00136,구약감자
112,10,약용작물,00137,구기자
113,07,경엽채류,00138,서양냉이
114,10,약용작물,00139,적하수오
115,10,약용작물,00140,황기
116,10,약용작물,00141,백지
117,10,약용작물,00142,황련
118,10,약용작물,00143,스테비아
119,10,약용작물,00144,박하
120,10,약용작물,00145,맥문동
121,10,약용작물,00146,율무
122,10,약용작물,00147,향부자
123,10,약용작물,00148,더덕
124,07,경엽채류,00153,잎들깨(노지)
125,08,산채류,00154,참취
126,08,산채류,00155,곰취
127,01,곡류(기타),00156,보리(화산회토)
128,01,곡류(기타),00157,보리(비화산회토)
129,01,곡류(기타),00158,대두(화산회토)
130,01,곡류(기타),00159,대두(비화산회토)
131,03,서류,00160,고구마(화산회토)
132,03,서류,00161,고구마(비화산회토)
133,03,서류,00162,감자(봄겨울재배 화산회토)
134,03,서류,00163,감자(가을재배 비화산회토)
135,02,유지류,00166,참깨(화산회토)
136,02,유지류,00167,참깨(비화산회토)
137,02,유지류,00168,"땅콩(기경지,화산회토)"
138,02,유지류,00169,"땅콩(기경지,비화산회토)"
139,03,서류,00170,감자(봄겨울재배 비화산회토)
140,03,서류,00171,감자(가을재배 화산회토)
141,02,유지류,00174,유채(화산회토)
142,02,유지류,00175,유채(비화산회토)
143,06,인경채류,00176,마늘(화산회토)
144,06,인경채류,00177,마늘(비화산회토)
145,07,경엽채류,00178,배추(고냉지 노지)
146,08,산채류,00180,곤달비
147,04,과채류,00181,피망(시설)
148,04,과채류,00182,꽈리고추(시설)
149,04,과채류,00183,방울토마토(시설)
150,08,산채류,00185,머위
151,07,경엽채류,00186,양상추(시설 평야지)
152,05,근채류,00188,비트
153,07,경엽채류,00189,양상추(시설 고랭지)
154,07,경엽채류,00190,잎들깨(시설)
155,07,경엽채류,00191,밭미나리(시설)
156,07,경엽채류,00192,치커리(시설)
157,07,경엽채류,00193,케일(시설)
158,07,경엽채류,00194,브로콜리
159,07,경엽채류,00195,콜리플라워(시설)
160,07,경엽채류,00196,삼엽채(시설)
161,09,과수,00197,단감(1-2년생)
162,09,과수,00198,단감(3-4년생)
163,14,사료작물,00152,청예옥수수(화산회)
164,09,과수,00199,단감(5-6년생)
165,09,과수,00200,단감(7-8년생)
166,09,과수,00201,단감(9-10년생)
167,09,과수,00202,단감(11년생 이상)
168,08,산채류,00205,누룩치
169,03,서류,00207,"감자(준고랭지,고랭지)"
170,07,경엽채류,00208,신선초
171,05,근채류,00209,당근(화산회토)
172,05,근채류,00210,당근(비화산회토)
173,05,근채류,00211,무(화산회토)
174,05,근채류,00212,무(비화산회토)
175,06,인경채류,00213,"양파(봄재배, 화산회토)"
176,06,인경채류,00214,"양파(봄재배, 비화산회토)"
177,06,인경채류,00215,"양파(가을재배, 화산회토)"
178,06,인경채류,00216,"양파(가을재배, 비화산회토)"
179,09,과수,00223,"감귤(1~2년생, 화산회토)"
180,09,과수,00224,"감귤(3~7년생, 화산회토)"
181,09,과수,00225,"감귤(8~12년생, 화산회토)"
182,09,과수,00226,"감귤(13~17년생, 화산회토)"
183,09,과수,00227,"감귤(1~2년생, 비화산회토)"
184,09,과수,00228,"감귤(3~7년생, 비화산회토)"
185,09,과수,00229,"감귤(8~12년생, 비화산회토)"
186,09,과수,00230,"감귤(13~17년생, 비화산회토)"
187,08,산채류,00232,참나물
188,08,산채류,00234,모시대
189,08,산채류,00235,영아자
190,09,과수,00237,"유자(화산,1~5년)"
191,09,과수,00238,"유자(화산,6~10년)"
192,09,과수,00239,"유자(화산,11~19년)"
193,09,과수,00240,"유자(화산,20년이상)"
194,09,과수,00241,"유자(비화산,1~5년)"
195,09,과수,00242,"유자(비화산,6~10년)"
196,09,과수,00243,"유자(비화산,11~19년)"
197,09,과수,00244,"유자(비화산,20년이상)"
198,10,약용작물,00245,작약(1년)
199,10,약용작물,00247,작약(3년)
200,10,약용작물,00249,당귀
201,10,약용작물,00250,일천궁
202,10,약용작물,00251,지황(신품종)
203,01,곡류(기타),00307,보리(남부)
204,09,과수,00308,"감귤(18년생 이상, 화산회토)"
205,09,과수,00309,"감귤(18년생 이상, 비화산회토)"
206,01,곡류(기타),00344,기장
207,01,곡류(기타),00311,강낭콩
208,01,곡류(기타),00313,메밀
209,09,과수,00314,대추(1년생)
210,10,약용작물,00315,"땅두릅(독활,뿌리)"
211,04,과채류,00317,멜론(시설재배)
212,05,근채류,00323,토란
213,02,유지류,00324,들깨(종실용)
214,11,화훼류,00330,나리
215,08,산채류,00331,미역취(시설재배)
216,10,약용작물,00332,황금
217,07,경엽채류,00339,갓
218,08,산채류,00340,고사리(1-2년)
219,09,과수,00345,다래(토종다래)
220,08,산채류,00487,씀바귀
221,10,약용작물,00248,홍화
222,07,경엽채류,00343,근대
223,09,과수,00333,매실(1~2년)
224,09,과수,00334,매실(3~4년)
225,09,과수,00335,매실(5~6년)
226,09,과수,00336,매실(7~8년)
227,09,과수,00337,매실(9년 이상)
228,08,산채류,00346,돌나물
229,09,과수,00351,블루베리(1-2년)
230,09,과수,00352,나무딸기(산딸기)
231,09,과수,00354,산수유(성목)
232,01,곡류(기타),00367,조
233,01,곡류(기타),00356,수수
234,05,근채류,00187,열무
235,04,과채류,00359,애호박
236,05,근채류,00360,야콘
237,09,과수,00361,앵두
238,08,산채류,00362,어수리
239,10,약용작물,00364,오갈피
240,10,약용작물,00365,오미자(1년)
241,01,곡류(기타),00371,팥
242,12,기타,00372,차나무(1년생)
243,12,기타,00373,차나무(2년생)
244,12,기타,00374,차나무(3년생)
245,12,기타,00375,차나무(4년생)
246,12,기타,00376,차나무(5년생)
247,12,기타,00377,차나무(6년생)
248,12,기타,00378,차나무(7년이상)
249,07,경엽채류,00380,쪽파(노지)
250,09,과수,00381,참다래(1년생)
251,09,과수,00382,참다래(2년생)
252,09,과수,00383,참다래(3년생)
253,09,과수,00384,참다래(4년생)
254,09,과수,00385,참다래(5년생)
255,09,과수,00386,참다래(6년생)
256,09,과수,00387,참다래(7년생)
257,09,과수,00388,참다래(8년이상)
258,10,약용작물,00391,복분자(1년생)
259,10,약용작물,00392,복분자(2년생 이상)
260,10,약용작물,00396,"마(장마,단마)"
261,08,산채류,00347,두릅
262,04,과채류,00405,단호박
263,09,과수,00412,유자(11~19년)
264,09,과수,00413,유자(20년이상)
265,01,곡류(기타),00414,밀
266,01,곡류(기타),00415,녹두
267,10,약용작물,00416,헛개나무
268,10,약용작물,00246,작약(2년)
269,09,과수,00419,꾸지뽕나무
270,05,근채류,00420,우엉
271,01,곡류(기타),00424,서리태콩
272,10,약용작물,00428,어성초
273,07,경엽채류,00432,청경채
274,05,근채류,00433,연근
275,10,약용작물,00434,오미자(2년)
276,10,약용작물,00435,오미자(3년이상)
277,09,과수,00436,대추(2년생)
278,09,과수,00437,대추(3년생)
279,09,과수,00439,대추(4년생)
280,09,과수,00440,대추(5년생)
281,09,과수,00441,대추(6년이상)
282,08,산채류,00445,흰민들레
283,09,과수,00411,유자(6~10년)
284,09,과수,00453,돌배
285,10,약용작물,00454,잔대(뿌리)
286,09,과수,00410,유자(1~5년)
287,10,약용작물,00457,감초
288,10,약용작물,00460,강황(개간지)
289,12,기타,01090,한지형잔디(전량밑거름)
290,10,약용작물,00459,석잠풀(초석잠)
291,10,약용작물,00463,엉겅퀴
292,03,서류,00466,"아피오스(인디언감자, 콩감자)"
293,00,곡류(벼),00000,벼(일반답)
294,09,과수,00473,무화과(1-2년)
295,09,과수,00474,무화과(3-4년)
296,09,과수,00475,무화과(5-6년)
297,09,과수,00476,무화과(7-9년)
298,09,과수,00477,무화과(10년이상)
299,09,과수,00478,자두(1-2년)
300,09,과수,00479,자두(3-4년)
301,09,과수,00480,자두(5-6년)
302,09,과수,00481,자두(7-8년)
303,09,과수,00482,자두(9년이상)
304,14,사료작물,00150,목초(관리용)
305,09,과수,00492,아로니아(1~2년)
306,08,산채류,00496,방풍
307,09,과수,00500,살구(1-2년생)
308,09,과수,00501,살구(3-4년생)
309,09,과수,00502,살구(5-7년생)
310,09,과수,00503,살구(8-10년생)
311,09,과수,00504,살구(11년이상)
312,09,과수,00507,블랙커런트(1~2년)
313,07,경엽채류,00512,아욱
314,04,과채류,00513,여주
315,10,약용작물,00514,삼백초
316,09,과수,00506,체리
317,10,약용작물,00490,구절초
318,08,산채류,00497,삼채
319,08,산채류,00519,눈개승마(삼나물)
320,10,약용작물,00520,황칠나무
321,05,근채류,00521,얌빈
322,14,사료작물,00151,청예옥수수
323,09,과수,00523,블루베리(3-4년)
324,09,과수,00524,블루베리(5-6년)
325,09,과수,00525,블루베리(7년)
326,09,과수,00526,블루베리(8년이상)
327,10,약용작물,00528,강활
328,01,곡류(기타),00530,동부콩
329,08,산채류,00532,섬쑥부쟁이
330,01,곡류(기타),00544,보통옥수수(사양질)
331,01,곡류(기타),00545,보통옥수수(식양질)
332,11,화훼류,00547,해바라기
333,09,과수,00551,블랙베리
334,07,경엽채류,00553,대파(노지)
335,08,산채류,00554,모시풀
336,07,경엽채류,00555,대파(시설)
337,07,경엽채류,00556,쪽파(시설)
338,10,약용작물,00557,결명자
339,11,화훼류,00560,프리지아
340,09,과수,00540,망고
341,12,기타,00577,난지형 잔디
342,12,기타,00578,한지형 잔디
343,10,약용작물,00586,모링가
344,01,곡류(기타),00588,작두콩
345,01,곡류(기타),00589,아마란스
346,04,과채류,00591,애플수박
347,11,화훼류,00597,리시안서스
348,10,약용작물,00600,단삼
349,08,산채류,00602,고려엉겅퀴(곤드레)
350,10,약용작물,00604,더위지기(인진쑥)
351,00,곡류(벼),00164,밭벼(화산회토)
352,09,과수,00615,플럼코트
353,08,산채류,00618,민들레
354,10,약용작물,00619,식방풍
355,01,곡류(기타),00631,쥐눈이콩
356,04,과채류,00637,주키니호박
357,05,근채류,00646,고추냉이(근경)
358,10,약용작물,00663,배암차즈기(곰보배추)
359,11,화훼류,00666,안개초
360,07,경엽채류,00678,배추(화산회토)
361,07,경엽채류,00679,양배추(화산회토)
362,09,과수,00682,"참다래(1년생,화산회토)"
363,09,과수,00683,"참다래(2년생,화산회토)"
364,09,과수,00684,"참다래(3년생,화산회토)"
365,09,과수,00685,"참다래(4년생,화산회토)"
366,09,과수,00686,"참다래(5년생,화산회토)"
367,09,과수,00687,"참다래(6년생,화산회토)"
368,09,과수,00689,"참다래(8년이상,화산회토)"
369,01,곡류(기타),00690,메밀(화산회토)
370,09,과수,00688,"참다래(7년생,화산회토)"
371,14,사료작물,00640,초지(방목용)
372,01,곡류(기타),00691,메밀(비화산회토)
373,10,약용작물,00692,더덕(화산회토)
374,07,경엽채류,00693,브로콜리(화산회토)
375,07,경엽채류,00694,브로콜리(비화산회토)
376,09,과수,00695,"참다래(1년생,비화산회토)"
377,09,과수,00696,"참다래(2년생,비화산회토)"
378,09,과수,00697,"참다래(3년생,비화산회토)"
379,09,과수,00699,"참다래(5년생,비화산회토)"
380,09,과수,00700,"참다래(6년생,비화산회토)"
381,09,과수,00701,"참다래(7년생,비화산회토)"
382,08,산채류,00718,병풍취(병풍쌈)
383,09,과수,00698,"참다래(4년생,비화산회토)"
384,09,과수,00733,떫은감(1-2년생)
385,09,과수,00734,떫은감(3-4년생)
386,09,과수,00735,떫은감(5-6년생)
387,09,과수,00736,떫은감(7-8년생)
388,09,과수,00737,떫은감(9-10년생)
389,09,과수,00738,떫은감(11년생 이상)
390,09,과수,00741,감귤온주(화산)18년이상
391,09,과수,00742,감귤온주(비화)18년이상
392,09,과수,00743,"포도(샤인머스캣, 5년이상)"
393,09,과수,00702,"참다래(8년이상,비화산회토)"
394,14,사료작물,00716,피(사료용)
395,07,경엽채류,00754,고구마순
396,05,근채류,00758,알타리무
397,08,산채류,00759,수리취(1년)
398,08,산채류,00760,수리취(2년)
399,09,과수,00761,아로니아(3년이상)
400,09,과수,00762,허니베리(1~2년)
401,09,과수,00763,허니베리(3년이상)
402,09,과수,00764,블랙커런트(3년이상)
403,11,화훼류,00765,용담
404,11,화훼류,00766,코스모스
405,11,화훼류,00767,알스트로메리아
406,05,근채류,00768,"비트(화산,비화산-봄)"
407,05,근채류,00769,"비트(화산,비화산-가을)"
408,05,근채류,00770,콜라비(비화산회토)
409,07,경엽채류,00771,방울양배추(화산회토)
410,07,경엽채류,00772,방울양배추(비화산회토)
411,01,곡류(기타),00775,귀리(비화산회토)
412,01,곡류(기타),00776,귀리(화산회토)
413,01,곡류(기타),00777,완두콩
414,01,곡류(기타),00778,콩(잎수확용)
415,04,과채류,00779,맷돌호박
416,04,과채류,00780,복수박
417,04,과채류,00781,송이토마토
418,04,과채류,00782,울외
419,04,과채류,00783,파프리카
420,07,경엽채류,00784,갯방풍(해방풍)
421,07,경엽채류,00785,얼갈이배추(노지)
422,07,경엽채류,00786,얼갈이배추(시설)
423,07,경엽채류,00787,방울양배추
424,07,경엽채류,00788,"양배추(적채, 노지)"
425,07,경엽채류,00789,"양배추(적채, 시설)"
426,08,산채류,00790,두메부추(노지)
427,08,산채류,00791,두메부추(시설)
428,08,산채류,00792,비름나물
429,08,산채류,00793,갯기름나물
430,09,과수,00794,서양자두(푸룬)
431,09,과수,00795,뽕나무(오디)
432,09,과수,00796,감(대봉)
433,01,곡류(기타),00773,귀리
434,09,과수,01000,"포도(샤인머스캣,1~2년)"
435,09,과수,01001,"포도(샤인머스캣,3~4년)"
436,09,과수,01009,부지화(비화)1~5년
437,09,과수,01010,부지화(비화)6~10년
438,09,과수,01011,부지화(비화)11~15년
439,09,과수,01012,부지화(비화)16~20년
440,09,과수,01013,부지화(비화)21년이상
441,09,과수,01015,부지화(화산)1~5년
442,09,과수,01016,부지화(화산)6~10년
443,09,과수,01017,부지화(화산)11~15년
444,09,과수,01018,부지화(화산)16~20년
445,09,과수,01019,부지화(화산)21년이상
446,05,근채류,01038,콜라비(화산회토)
447,01,곡류(기타),01051,콩(논재배)
448,05,근채류,01065,시래기용무
449,06,인경채류,01074,"마늘(비화산회토,전량밑거름)"
450,06,인경채류,01075,"마늘(화산회토,전량밑거름)"
451,07,경엽채류,00310,논미나리
452,10,약용작물,01078,루바브(대황)
453,04,과채류,00635,수세미
454,05,근채류,00450,순무
455,05,근채류,00418,돼지감자
456,08,산채류,00325,달래
457,10,약용작물,00134,도라지(길경)
458,05,근채류,00493,콜라비
459,10,약용작물,01035,강황(기경지)
460,08,산채류,00236,산마늘(명이나물)
461,00,곡류(벼),00165,밭벼(비화산회토)
462,08,산채류,00608,냉이
463,08,산채류,00467,고들빼기
464,00,곡류(벼),00305,벼(염해답-숙답)
465,08,산채류,00522,고사리(3년이상)
466,08,산채류,00398,세발나물
467,09,과수,00355,석류
468,10,약용작물,01091,일당귀
469,01,곡류(기타),01068,호밀
470,14,사료작물,00394,이탈리안라이그라스
471,09,과수,01093,망고(화산회토)
472,00,곡류(벼),00430,벼(염해답-미숙답)
473,07,경엽채류,01094,유채나물(비화산회토)
474,07,경엽채류,01095,유채나물(화산회토)
475,09,과수,00720,레몬
476,09,과수,01092,레몬(화산회토)
477,10,약용작물,00456,삽주
478,07,경엽채류,00574,고수(방아풀)
479,07,경엽채류,00357,"아스파라거스(1년,정식)"
480,07,경엽채류,00755,아스파라거스(2년)
481,07,경엽채류,00756,아스파라거스(3년)
482,07,경엽채류,00757,아스파라거스(4년이상)
483,14,사료작물,00483,청예용수수류
484,14,사료작물,00486,"귀리(사료, 하파용)"
485,14,사료작물,00508,호밀(사료용)
486,14,사료작물,00509,청보리
487,14,사료작물,00575,케나프
488,14,사료작물,00675,"목초(관리용, 두과목초)"
489,14,사료작물,00676,"목초(관리용, 방목초지)"
490,14,사료작물,00677,유채(사료용)
491,14,사료작물,00727,케나프(간척지)
492,14,사료작물,00797,트리티케일
493,14,사료작물,00798,수단그라스
494,14,사료작물,01043,이탈리안라이그라스(화산회토)
495,14,사료작물,01077,"목초(화본과,추비용)"
