no,stn_Cd,stn_Name,date,temp,hghst_Artmp,lowst_Artmp,hum,widdir,wind,max_Wind,rn,sun_Time,srqty,condens_Time,gr_Temp,soil_Temp,soil_Wt
1,580813A001,정읍시 정우면,2025-01-01,1.3,9.7,-4.7,75.1,287.7,0.5,5.5,0.0,,8.37,257.0,,,
2,580813A001,정읍시 정우면,2025-01-02,1.0,7.3,-3.0,71.4,283.7,0.5,4.6,0.0,,8.49,640.0,,,
3,580813A001,정읍시 정우면,2025-01-03,0.3,4.5,-3.9,63.6,255.8,0.7,5.2,0.0,,8.54,389.0,,,
4,580813A001,정읍시 정우면,2025-01-04,0.5,5.9,-3.4,76.7,95.3,0.4,4.1,0.0,,7.41,884.0,,,
5,580813A001,정읍시 정우면,2025-01-05,2.2,6.3,-3.4,87.9,108.6,0.5,3.0,3.5,,2.51,1047.0,,,
6,580813A001,정읍시 정우면,2025-01-06,2.7,5.6,-1.1,82.6,299.0,1.4,9.5,1.5,,2.82,878.0,,,
7,580813A001,정읍시 정우면,2025-01-07,-1.1,1.7,-3.3,90.7,256.0,0.5,5.7,2.0,,4.49,1108.0,,,
8,580813A001,정읍시 정우면,2025-01-08,-1.1,4.4,-4.8,92.7,296.7,0.7,9.5,6.0,,5.38,411.0,,,
9,580813A001,정읍시 정우면,2025-01-09,-7.5,-2.7,-12.8,79.8,294.5,1.0,6.7,0.5,,6.13,113.0,,,
10,580813A001,정읍시 정우면,2025-01-10,-8.1,-1.5,-15.4,76.6,95.1,0.4,3.9,0.5,,9.28,149.0,,,
11,580813A001,정읍시 정우면,2025-01-11,-2.7,1.6,-6.2,80.4,101.9,0.4,2.9,2.0,,7.63,69.0,,,
12,580813A001,정읍시 정우면,2025-01-12,-2.2,3.1,-6.8,80.4,271.3,0.3,3.1,2.0,,8.42,24.0,,,
13,580813A001,정읍시 정우면,2025-01-13,0.5,6.0,-3.8,79.0,240.2,0.4,5.1,1.5,,8.35,239.0,,,
14,580813A001,정읍시 정우면,2025-01-14,3.5,10.1,-0.6,73.5,285.1,0.8,6.1,0.0,,7.58,83.0,,,
15,580813A001,정읍시 정우면,2025-01-15,-0.9,2.0,-2.9,66.6,303.0,1.0,7.7,0.0,,6.53,431.0,,,
16,580813A001,정읍시 정우면,2025-01-16,0.8,6.9,-2.6,65.9,280.1,0.8,6.4,0.0,,7.37,0.0,,,
17,580813A001,정읍시 정우면,2025-01-17,0.1,5.2,-4.1,68.7,278.9,0.5,3.9,0.0,,9.37,561.0,,,
18,580813A001,정읍시 정우면,2025-01-18,-0.5,7.6,-6.8,69.5,313.7,0.4,3.1,0.0,,8.43,221.0,,,
19,580813A001,정읍시 정우면,2025-01-19,1.2,9.5,-6.2,76.1,114.5,0.5,4.5,0.0,,6.83,374.0,,,
20,580813A001,정읍시 정우면,2025-01-20,2.0,7.8,-1.9,81.7,291.2,0.4,4.1,0.0,,5.05,903.0,,,
21,580813A001,정읍시 정우면,2025-01-21,1.1,8.3,-3.9,80.0,279.4,0.3,3.2,0.0,,8.66,913.0,,,
22,580813A001,정읍시 정우면,2025-01-22,2.4,10.1,-3.7,85.2,301.3,0.4,3.8,0.0,,6.35,965.0,,,
23,580813A001,정읍시 정우면,2025-01-23,1.3,8.8,-2.7,80.8,289.1,0.4,3.4,0.0,,8.42,737.0,,,
24,580813A001,정읍시 정우면,2025-01-24,0.6,9.8,-5.9,72.6,289.2,0.4,4.3,0.0,,9.26,210.0,,,
25,580813A001,정읍시 정우면,2025-01-25,3.1,12.0,-5.7,65.2,116.5,0.6,4.3,0.0,,10.32,79.0,,,
26,580813A001,정읍시 정우면,2025-01-26,4.7,8.6,-0.4,58.2,94.8,0.7,4.3,0.0,,5.64,21.0,,,
27,580813A001,정읍시 정우면,2025-01-27,0.7,4.2,-2.9,85.5,260.7,1.3,8.9,6.0,,6.19,966.0,,,
28,580813A001,정읍시 정우면,2025-01-28,-1.6,1.2,-3.0,89.2,271.6,1.9,9.5,3.0,,5.93,993.0,,,
29,580813A001,정읍시 정우면,2025-01-29,-2.0,1.4,-7.0,79.8,293.8,1.2,7.5,2.0,,8.21,246.0,,,
30,580813A001,정읍시 정우면,2025-01-30,-1.1,6.1,-7.4,79.3,91.3,0.6,3.8,2.5,,9.84,303.0,,,
31,580813A001,정읍시 정우면,2025-01-31,2.7,8.3,-3.4,80.6,100.3,0.8,4.1,1.5,,4.38,834.0,,,
32,580813A001,정읍시 정우면,2025-02-01,4.2,6.4,1.2,96.3,355.2,0.4,3.3,6.5,,2.49,1020.0,,,
33,580813A001,정읍시 정우면,2025-02-02,1.6,6.1,-1.9,89.1,269.8,0.4,3.6,0.5,,5.96,396.0,,,
34,580813A001,정읍시 정우면,2025-02-03,-0.7,2.5,-4.5,69.3,303.1,1.9,10.2,0.0,,6.85,293.0,,,
35,580813A001,정읍시 정우면,2025-02-04,-5.6,-4.0,-7.1,84.0,300.2,1.0,6.4,0.0,,5.13,266.0,,,
36,580813A001,정읍시 정우면,2025-02-05,-6.4,-2.9,-12.6,79.1,286.3,0.6,5.2,2.5,,7.19,155.0,,,
37,580813A001,정읍시 정우면,2025-02-06,-4.9,1.0,-12.6,74.6,196.8,0.3,4.0,2.5,,9.72,120.0,,,
38,580813A001,정읍시 정우면,2025-02-07,-5.3,0.0,-8.7,87.1,304.2,1.5,11.7,0.0,,3.44,653.0,,,
39,580813A001,정읍시 정우면,2025-02-08,-6.5,-1.9,-12.4,79.2,288.0,0.6,5.8,4.0,,10.73,678.0,,,
40,580813A001,정읍시 정우면,2025-02-09,-4.0,1.0,-10.1,76.7,303.8,0.3,3.5,3.0,,10.18,678.0,,,
41,580813A001,정읍시 정우면,2025-02-10,-2.8,2.9,-8.6,81.2,262.5,0.3,3.8,2.5,,10.05,504.0,,,
42,580813A001,정읍시 정우면,2025-02-11,-0.5,8.2,-7.8,70.0,86.1,0.6,4.9,0.0,,12.28,117.0,,,
43,580813A001,정읍시 정우면,2025-02-12,2.1,4.5,0.3,87.6,316.3,1.3,9.4,6.0,,1.09,923.0,,,
44,580813A001,정읍시 정우면,2025-02-13,0.4,6.2,-5.9,59.2,295.3,1.0,6.0,0.0,,13.10,6.0,,,
45,580813A001,정읍시 정우면,2025-02-14,1.7,10.4,-4.6,74.8,283.4,0.5,4.5,0.0,,12.25,302.0,,,
46,580813A001,정읍시 정우면,2025-02-15,2.0,8.6,-3.6,78.0,248.3,0.3,2.7,0.0,,5.38,576.0,,,
47,580813A001,정읍시 정우면,2025-02-16,4.5,11.6,-1.1,81.1,273.4,1.2,8.7,0.0,,10.26,588.0,,,
48,580813A001,정읍시 정우면,2025-02-17,1.0,5.6,-4.0,54.6,296.7,1.6,11.2,0.0,,12.59,0.0,,,
49,580813A001,정읍시 정우면,2025-02-18,-1.4,3.5,-6.3,60.5,300.8,1.4,12.3,0.0,,12.84,0.0,,,
50,580813A001,정읍시 정우면,2025-02-19,-2.1,2.5,-7.1,61.4,293.9,1.3,10.2,0.0,,12.59,0.0,,,
51,580813A001,정읍시 정우면,2025-02-20,-2.8,3.0,-7.9,62.7,292.4,1.1,9.3,0.0,,12.90,0.0,,,
52,580813A001,정읍시 정우면,2025-02-21,-2.7,3.3,-7.3,63.2,290.7,1.0,8.1,0.0,,12.89,0.0,,,
53,580813A001,정읍시 정우면,2025-02-22,-1.7,3.3,-5.2,69.8,279.5,0.8,6.0,1.0,,14.00,128.0,,,
54,580813A001,정읍시 정우면,2025-02-23,-1.8,2.4,-6.2,62.1,299.9,1.7,12.6,0.0,,10.05,5.0,,,
55,580813A001,정읍시 정우면,2025-02-24,-1.3,4.3,-6.8,67.2,289.7,1.0,7.6,0.0,,13.70,0.0,,,
56,580813A001,정읍시 정우면,2025-02-25,0.9,8.0,-6.4,70.7,252.2,0.9,5.9,0.0,,11.75,145.0,,,
57,580813A001,정읍시 정우면,2025-02-26,3.2,10.0,-3.4,60.5,293.3,0.8,6.2,0.0,,14.04,538.0,,,
58,580813A001,정읍시 정우면,2025-02-27,5.5,16.9,-5.4,40.6,172.4,0.5,6.0,0.0,,14.06,33.0,,,
59,580813A001,정읍시 정우면,2025-02-28,8.9,15.7,3.1,79.3,98.9,0.7,4.0,0.0,,9.85,381.0,,,
60,580813A001,정읍시 정우면,2025-03-01,6.6,11.4,-0.1,92.2,303.2,0.4,4.0,1.0,,2.87,902.0,,,
61,580813A001,정읍시 정우면,2025-03-02,13.6,23.4,9.3,87.7,118.0,0.8,8.5,8.0,,9.92,576.0,,,
62,580813A001,정읍시 정우면,2025-03-03,6.9,11.2,4.4,74.6,98.6,2.1,10.9,23.0,,7.92,534.0,,,
63,580813A001,정읍시 정우면,2025-03-04,4.1,6.1,2.4,84.2,88.5,0.9,8.1,8.0,,3.87,415.0,,,
64,580813A001,정읍시 정우면,2025-03-05,4.7,7.2,2.5,88.3,343.9,0.7,3.4,0.0,,3.32,139.0,,,
65,580813A001,정읍시 정우면,2025-03-06,4.5,9.5,0.1,73.8,285.7,1.2,8.5,0.0,,14.70,0.0,,,
66,580813A001,정읍시 정우면,2025-03-07,3.6,12.3,-3.1,69.6,294.5,0.7,5.7,0.0,,13.82,274.0,,,
67,580813A001,정읍시 정우면,2025-03-08,4.7,11.3,0.2,71.9,275.1,0.6,5.2,0.0,,10.17,83.0,,,
68,580813A001,정읍시 정우면,2025-03-09,4.7,13.6,-2.3,75.0,291.3,0.6,4.9,0.0,,15.36,579.0,,,
69,580813A001,정읍시 정우면,2025-03-10,6.7,15.7,-0.9,70.6,300.5,0.6,4.8,0.0,,13.71,615.0,,,
70,580813A001,정읍시 정우면,2025-03-11,7.8,17.7,-0.5,65.2,276.5,0.6,4.9,0.0,,16.20,522.0,,,
71,580813A001,정읍시 정우면,2025-03-12,8.7,16.6,2.0,65.7,306.5,0.6,5.8,0.0,,10.01,182.0,,,
72,580813A001,정읍시 정우면,2025-03-13,9.4,17.6,5.0,63.9,269.3,0.8,8.1,0.0,,13.56,483.0,,,
73,580813A001,정읍시 정우면,2025-03-14,11.3,22.1,1.3,51.7,286.4,0.7,5.9,0.0,,16.68,32.0,,,
74,580813A001,정읍시 정우면,2025-03-15,10.2,14.8,4.9,59.4,100.7,1.2,6.9,0.5,,10.71,69.0,,,
75,580813A001,정읍시 정우면,2025-03-16,4.2,6.2,1.2,65.5,294.2,2.5,12.8,0.0,,9.17,249.0,,,
76,580813A001,정읍시 정우면,2025-03-17,2.9,7.3,-1.9,47.8,293.1,1.5,9.4,0.0,,16.98,0.0,,,
77,580813A001,정읍시 정우면,2025-03-18,1.8,4.8,-0.4,69.9,283.6,2.5,12.4,2.5,,5.50,622.0,,,
78,580813A001,정읍시 정우면,2025-03-19,2.2,8.1,-3.4,57.9,288.6,1.0,6.7,0.0,,16.09,0.0,,,
79,580813A001,정읍시 정우면,2025-03-20,6.6,14.9,-2.6,67.3,250.8,1.2,8.5,0.0,,16.37,211.0,,,
80,580813A001,정읍시 정우면,2025-03-21,11.3,21.1,3.6,59.1,248.4,1.3,9.3,0.0,,17.36,68.0,,,
81,580813A001,정읍시 정우면,2025-03-22,12.6,23.2,3.9,56.1,244.1,1.1,7.4,0.0,,17.14,0.0,,,
82,580813A001,정읍시 정우면,2025-03-23,14.2,25.7,5.6,53.0,248.4,0.9,8.3,0.0,,16.58,0.0,,,
83,580813A001,정읍시 정우면,2025-03-24,16.3,22.4,10.5,56.3,241.6,1.8,10.0,0.0,,15.28,34.0,,,
84,580813A001,정읍시 정우면,2025-03-25,14.1,26.8,6.1,63.5,245.8,1.2,18.5,0.0,,15.33,509.0,,,
85,580813A001,정읍시 정우면,2025-03-26,17.1,29.8,3.1,46.0,154.3,0.8,6.8,0.0,,17.52,0.0,,,
86,580813A001,정읍시 정우면,2025-03-27,14.9,22.6,5.7,78.1,265.2,1.7,9.5,0.0,,2.74,251.0,,,
87,580813A001,정읍시 정우면,2025-03-28,6.4,10.3,4.3,64.2,287.2,2.0,10.3,0.5,,16.76,156.0,,,
88,580813A001,정읍시 정우면,2025-03-29,3.3,9.0,-1.6,60.9,294.8,1.4,9.8,0.0,,11.86,304.0,,,
89,580813A001,정읍시 정우면,2025-03-30,3.2,9.6,-3.4,53.6,293.2,1.0,8.8,0.0,,18.35,0.0,,,
90,580813A001,정읍시 정우면,2025-03-31,6.3,13.7,-0.4,64.3,277.4,0.8,6.1,0.0,,15.94,38.0,,,
91,580813A001,정읍시 정우면,2025-04-01,7.4,17.3,-0.6,60.4,282.1,0.8,6.6,0.0,,18.71,481.0,,,
92,580813A001,정읍시 정우면,2025-04-02,7.8,17.9,-0.6,57.1,264.8,1.0,9.1,0.0,,15.08,1.0,,,
93,580813A001,정읍시 정우면,2025-04-03,8.7,15.7,3.0,73.5,289.9,0.8,6.3,0.0,,16.44,309.0,,,
94,580813A001,정읍시 정우면,2025-04-04,9.4,18.9,2.6,71.8,275.8,0.7,8.2,0.0,,18.27,373.0,,,
95,580813A001,정읍시 정우면,2025-04-05,9.5,14.4,4.9,83.2,236.7,1.0,8.1,3.5,,4.71,490.0,,,
96,580813A001,정읍시 정우면,2025-04-06,8.9,17.2,0.9,63.3,257.8,0.9,6.8,0.0,,20.18,474.0,,,
97,580813A001,정읍시 정우면,2025-04-07,13.0,23.1,1.0,45.6,236.1,1.2,9.2,0.0,,19.66,0.0,,,
98,580813A001,정읍시 정우면,2025-04-08,14.7,20.4,5.9,47.8,266.0,1.7,7.9,0.0,,19.52,0.0,,,
99,580813A001,정읍시 정우면,2025-04-09,11.3,23.0,2.3,57.8,259.4,0.8,8.7,0.5,,13.64,26.0,,,
100,580813A001,정읍시 정우면,2025-04-10,11.9,17.3,5.2,69.0,290.4,0.8,6.4,0.5,,14.29,0.0,,,
101,580813A001,정읍시 정우면,2025-04-11,12.2,24.6,2.3,65.8,266.7,0.7,5.7,0.0,,19.99,266.0,,,
102,580813A001,정읍시 정우면,2025-04-12,14.8,23.1,2.5,54.1,139.6,1.8,10.9,21.0,,7.51,424.0,,,
103,580813A001,정읍시 정우면,2025-04-13,6.5,11.8,1.6,64.6,256.1,1.9,13.6,1.5,,15.83,451.0,,,
104,580813A001,정읍시 정우면,2025-04-14,6.5,11.0,4.3,79.0,242.0,1.4,9.3,17.0,,7.24,866.0,,,
105,580813A001,정읍시 정우면,2025-04-15,8.6,14.8,2.6,73.4,273.8,1.1,7.4,0.0,,19.12,461.0,,,
106,580813A001,정읍시 정우면,2025-04-16,16.0,26.3,4.4,57.1,209.1,1.1,9.2,0.0,,18.79,0.0,,,
107,580813A001,정읍시 정우면,2025-04-17,22.6,29.4,17.0,59.2,176.1,1.1,9.4,0.0,,18.14,0.0,,,
108,580813A001,정읍시 정우면,2025-04-18,20.0,26.8,14.0,72.0,262.7,0.9,7.7,0.0,,17.21,4.0,,,
109,580813A001,정읍시 정우면,2025-04-19,20.7,27.2,13.4,74.4,219.2,1.2,9.9,2.0,,16.06,344.0,,,
110,580813A001,정읍시 정우면,2025-04-20,16.3,23.1,13.3,90.6,283.1,0.6,4.7,2.0,,10.24,693.0,,,
111,580813A001,정읍시 정우면,2025-04-21,20.8,29.1,13.9,75.0,148.2,0.7,6.5,0.0,,16.26,224.0,,,
112,580813A001,정읍시 정우면,2025-04-22,18.5,20.6,14.2,88.6,116.3,1.1,6.6,18.5,,3.34,820.0,,,
113,580813A001,정읍시 정우면,2025-04-23,16.0,21.8,11.8,86.9,281.2,0.8,5.3,0.0,,12.29,425.0,,,
114,580813A001,정읍시 정우면,2025-04-24,14.9,21.9,8.0,67.6,266.4,1.0,5.8,0.0,,19.75,331.0,,,
115,580813A001,정읍시 정우면,2025-04-25,11.0,18.9,4.0,55.9,288.4,0.9,8.3,0.0,,22.32,118.0,,,
116,580813A001,정읍시 정우면,2025-04-26,12.8,23.7,2.3,49.0,245.9,1.0,8.2,0.0,,22.35,0.0,,,
117,580813A001,정읍시 정우면,2025-04-27,16.3,26.4,7.7,42.0,273.1,0.6,7.0,0.0,,20.06,0.0,,,
118,580813A001,정읍시 정우면,2025-04-28,14.0,20.4,6.8,59.8,290.7,1.2,7.8,0.0,,21.52,0.0,,,
119,580813A001,정읍시 정우면,2025-04-29,12.8,22.7,3.6,58.7,271.1,0.6,4.9,0.0,,22.63,290.0,,,
120,580813A001,정읍시 정우면,2025-04-30,18.8,29.1,7.0,44.3,219.7,0.7,6.9,0.0,,22.64,0.0,,,
121,580813A001,정읍시 정우면,2025-05-01,16.1,23.0,9.7,77.2,199.2,1.1,8.5,20.5,,6.54,668.0,,,
122,580813A001,정읍시 정우면,2025-05-02,12.2,18.5,5.2,72.1,290.2,0.9,6.5,0.5,,21.56,416.0,,,
123,580813A001,정읍시 정우면,2025-05-03,10.9,15.4,7.5,87.1,273.0,0.8,7.8,6.5,,5.71,725.0,,,
124,580813A001,정읍시 정우면,2025-05-04,12.8,21.6,5.1,63.9,288.9,0.8,7.4,0.0,,23.18,425.0,,,
125,580813A001,정읍시 정우면,2025-05-05,11.6,17.3,4.7,72.2,97.6,0.5,4.1,1.0,,6.90,109.0,,,
126,580813A001,정읍시 정우면,2025-05-06,12.9,17.9,8.0,79.1,273.0,0.6,5.3,0.0,,7.50,105.0,,,
127,580813A001,정읍시 정우면,2025-05-07,12.9,20.8,5.3,69.0,283.7,0.7,6.0,0.0,,21.98,415.0,,,
128,580813A001,정읍시 정우면,2025-05-08,15.9,26.4,6.0,66.3,154.2,0.5,4.5,0.0,,19.90,361.0,,,
129,580813A001,정읍시 정우면,2025-05-09,16.6,19.4,13.0,81.8,115.6,1.2,10.6,9.0,,2.87,499.0,,,
130,580813A001,정읍시 정우면,2025-05-10,13.0,15.3,12.0,91.9,255.2,1.8,10.7,0.0,,3.06,994.0,,,
131,580813A001,정읍시 정우면,2025-05-11,14.8,21.9,9.6,76.8,259.5,0.9,6.1,0.5,,16.69,315.0,,,
132,580813A001,정읍시 정우면,2025-05-12,17.1,26.2,7.1,63.6,257.6,0.7,5.5,0.0,,23.04,415.0,,,
133,580813A001,정읍시 정우면,2025-05-13,19.6,27.0,10.4,56.2,253.4,0.7,7.7,0.0,,17.65,50.0,,,
134,580813A001,정읍시 정우면,2025-05-14,20.7,29.6,10.7,57.0,149.9,0.7,5.5,0.0,,22.26,44.0,,,
135,580813A001,정읍시 정우면,2025-05-15,22.4,26.1,20.6,81.9,244.8,0.8,8.3,0.0,,7.43,168.0,,,
136,580813A001,정읍시 정우면,2025-05-16,20.6,24.9,17.0,88.1,105.5,0.8,7.3,0.0,,3.74,559.0,,,
137,580813A001,정읍시 정우면,2025-05-17,19.9,26.4,15.4,85.8,263.6,1.1,7.2,0.0,,17.75,603.0,,,
138,580813A001,정읍시 정우면,2025-05-18,16.3,22.4,12.4,72.3,271.4,0.9,5.5,0.0,,21.74,13.0,,,
139,580813A001,정읍시 정우면,2025-05-19,20.1,26.2,12.4,68.0,218.3,0.8,7.7,0.0,,10.49,1.0,,,
140,580813A001,정읍시 정우면,2025-05-20,25.8,31.4,18.7,72.8,226.3,0.8,6.9,0.0,,22.63,0.0,,,
141,580813A001,정읍시 정우면,2025-05-21,25.1,29.8,20.9,73.1,154.5,0.8,4.1,0.0,,12.92,0.0,,,
142,580813A001,정읍시 정우면,2025-05-22,21.5,25.6,19.0,86.5,282.8,0.7,4.5,0.0,,11.16,162.0,,,
143,580813A001,정읍시 정우면,2025-05-23,21.5,25.8,18.8,64.4,109.3,0.7,4.5,0.0,,11.17,191.0,,,
144,580813A001,정읍시 정우면,2025-05-24,18.1,20.7,14.6,64.9,292.7,0.7,5.0,0.0,,7.79,7.0,,,
145,580813A001,정읍시 정우면,2025-05-25,17.1,23.6,10.4,70.8,278.3,0.7,6.0,0.0,,22.87,316.0,,,
146,580813A001,정읍시 정우면,2025-05-26,18.8,27.1,11.7,64.4,264.7,0.7,5.4,0.0,,22.17,179.0,,,
147,580813A001,정읍시 정우면,2025-05-27,19.6,27.5,11.8,62.5,266.9,0.7,4.5,0.0,,21.14,0.0,,,
148,580813A001,정읍시 정우면,2025-05-28,20.1,28.8,12.3,63.0,276.1,0.6,5.1,0.0,,22.28,153.0,,,
149,580813A001,정읍시 정우면,2025-05-29,20.2,28.3,12.6,66.1,280.9,0.8,6.4,0.0,,21.99,298.0,,,
150,580813A001,정읍시 정우면,2025-05-30,19.4,26.4,12.8,65.9,284.4,0.7,5.4,0.0,,20.73,167.0,,,
151,580813A001,정읍시 정우면,2025-05-31,18.8,25.1,12.6,70.9,284.0,0.6,4.1,0.0,,16.26,252.0,,,
152,580813A001,정읍시 정우면,2025-06-01,20.5,29.7,12.2,65.9,279.5,0.6,5.1,0.0,,20.53,46.0,,,
153,580813A001,정읍시 정우면,2025-06-02,18.9,22.9,16.9,79.1,228.9,0.4,4.4,0.5,,6.98,214.0,,,
154,580813A001,정읍시 정우면,2025-06-03,19.9,25.9,14.5,72.8,288.4,1.1,6.6,0.0,,21.80,178.0,,,
155,580813A001,정읍시 정우면,2025-06-04,19.8,28.3,11.7,60.6,281.6,1.2,7.9,0.0,,25.12,320.0,,,
156,580813A001,정읍시 정우면,2025-06-05,20.5,29.3,11.2,57.5,259.9,0.6,4.2,0.0,,23.59,269.0,,,
157,580813A001,정읍시 정우면,2025-06-06,22.3,29.3,16.1,50.9,220.4,0.5,5.4,0.0,,11.56,0.0,,,
158,580813A001,정읍시 정우면,2025-06-07,23.8,32.9,14.3,60.4,264.2,0.7,6.2,0.0,,23.20,0.0,,,
159,580813A001,정읍시 정우면,2025-06-08,24.9,31.5,20.4,73.2,261.3,0.7,4.9,0.0,,16.56,0.0,,,
160,580813A001,정읍시 정우면,2025-06-09,25.2,32.4,20.9,73.6,278.4,0.8,5.5,0.5,,21.02,39.0,,,
161,580813A001,정읍시 정우면,2025-06-10,22.6,30.1,18.7,77.6,290.0,1.1,7.3,0.0,,17.02,334.0,,,
162,580813A001,정읍시 정우면,2025-06-11,22.1,30.0,15.2,67.2,255.0,0.7,7.1,0.0,,24.08,442.0,,,
163,580813A001,정읍시 정우면,2025-06-12,23.9,32.8,16.5,61.1,255.4,0.6,4.6,0.0,,20.08,86.0,,,
164,580813A001,정읍시 정우면,2025-06-13,21.2,24.0,19.0,86.8,92.7,0.7,5.0,94.5,,5.38,748.0,,,
165,580813A001,정읍시 정우면,2025-06-14,23.7,29.2,21.1,89.7,290.0,0.8,5.4,60.0,,11.52,614.0,,,
166,580813A001,정읍시 정우면,2025-06-15,26.0,32.9,19.1,77.4,195.4,0.4,5.0,2.0,,17.76,552.0,,,
167,580813A001,정읍시 정우면,2025-06-16,25.1,29.6,21.9,82.7,238.8,0.8,9.7,1.5,,14.44,660.0,,,
168,580813A001,정읍시 정우면,2025-06-17,26.2,32.1,22.1,71.5,237.4,0.9,6.5,0.0,,16.02,3.0,,,
169,580813A001,정읍시 정우면,2025-06-18,25.8,33.4,19.4,69.9,272.8,0.5,3.6,0.0,,23.01,454.0,,,
170,580813A001,정읍시 정우면,2025-06-19,26.9,33.7,19.9,73.5,129.7,0.8,5.7,0.0,,18.00,385.0,,,
171,580813A001,정읍시 정우면,2025-06-20,26.8,28.2,24.6,77.4,209.2,1.2,11.3,5.0,,3.45,677.0,,,
172,580813A001,정읍시 정우면,2025-06-21,21.6,26.1,18.3,96.8,242.8,0.7,7.6,141.0,,1.70,1428.0,,,
173,580813A001,정읍시 정우면,2025-06-22,22.8,29.6,18.6,78.2,273.6,0.5,4.2,0.0,,21.75,582.0,,,
174,580813A001,정읍시 정우면,2025-06-23,24.0,31.6,16.3,73.0,277.7,0.7,4.9,0.0,,24.76,498.0,,,
175,580813A001,정읍시 정우면,2025-06-24,22.0,24.7,19.2,89.2,100.4,0.6,4.0,25.5,,4.52,765.0,,,
176,580813A001,정읍시 정우면,2025-06-25,23.6,27.4,21.2,79.8,256.4,1.0,8.2,0.0,,15.60,171.0,,,
177,580813A001,정읍시 정우면,2025-06-26,24.6,30.3,20.4,73.5,265.3,0.9,5.5,0.0,,20.90,0.0,,,
178,580813A001,정읍시 정우면,2025-06-27,26.8,33.4,20.4,72.0,217.9,0.4,3.4,0.0,,21.75,215.0,,,
179,580813A001,정읍시 정우면,2025-06-28,28.5,34.9,23.6,79.1,278.0,0.8,4.7,0.0,,20.90,4.0,,,
180,580813A001,정읍시 정우면,2025-06-29,29.3,34.5,24.0,74.4,265.0,0.8,5.3,0.0,,24.31,356.0,,,
181,580813A001,정읍시 정우면,2025-06-30,29.4,35.5,23.5,73.5,261.5,0.7,4.9,0.0,,21.87,96.0,,,
182,580813A001,정읍시 정우면,2025-07-01,29.4,35.0,24.4,76.5,250.1,0.5,5.2,0.0,,15.04,227.0,,,
183,580813A001,정읍시 정우면,2025-07-02,29.7,35.8,24.3,74.9,276.3,0.7,4.8,0.0,,20.72,335.0,,,
184,580813A001,정읍시 정우면,2025-07-03,29.5,35.4,24.6,74.7,266.5,0.7,5.2,0.0,,22.29,169.0,,,
185,580813A001,정읍시 정우면,2025-07-04,28.0,34.0,22.4,74.7,256.8,0.8,6.2,0.0,,19.77,390.0,,,
186,580813A001,정읍시 정우면,2025-07-05,28.6,35.0,24.0,76.1,264.8,0.8,6.3,0.0,,19.48,59.0,,,
187,580813A001,정읍시 정우면,2025-07-06,29.3,34.8,25.1,76.9,268.2,0.8,4.6,0.0,,20.21,35.0,,,
188,580813A001,정읍시 정우면,2025-07-07,29.5,36.2,24.9,79.0,280.8,0.8,5.6,0.0,,21.43,317.0,,,
189,580813A001,정읍시 정우면,2025-07-08,29.9,37.7,25.7,78.2,175.6,0.4,4.6,0.0,,13.74,196.0,,,
190,580813A001,정읍시 정우면,2025-07-09,30.9,38.0,24.7,63.2,92.9,0.7,4.4,0.0,,23.98,229.0,,,
191,580813A001,정읍시 정우면,2025-07-10,30.3,36.4,23.4,56.9,100.3,0.9,5.3,0.0,,20.90,0.0,,,
192,580813A001,정읍시 정우면,2025-07-11,30.7,36.7,24.6,50.9,99.9,1.1,6.3,0.0,,21.85,0.0,,,
193,580813A001,정읍시 정우면,2025-07-12,29.1,36.2,23.6,51.8,276.1,0.8,6.8,0.0,,23.51,0.0,,,
194,580813A001,정읍시 정우면,2025-07-13,24.7,29.3,22.5,83.0,96.7,0.3,3.5,13.5,,5.49,703.0,,,
195,580813A001,정읍시 정우면,2025-07-14,24.8,30.5,20.2,82.1,289.3,0.9,6.6,0.5,,18.76,580.0,,,
196,580813A001,정읍시 정우면,2025-07-15,24.1,28.6,21.3,85.8,268.0,0.7,4.5,5.0,,9.63,645.0,,,
197,580813A001,정읍시 정우면,2025-07-16,24.4,28.0,22.4,84.9,127.2,0.7,5.9,18.0,,2.26,765.0,,,
198,580813A001,정읍시 정우면,2025-07-17,25.6,29.3,22.1,90.3,160.8,0.7,6.4,57.5,,1.68,1071.0,,,
199,580813A001,정읍시 정우면,2025-07-18,26.0,32.4,21.9,83.5,113.3,0.9,8.4,8.5,,12.71,869.0,,,
200,580813A001,정읍시 정우면,2025-07-19,25.1,27.1,22.3,96.3,126.8,0.6,7.2,109.0,,3.10,1295.0,,,
201,580813A001,정읍시 정우면,2025-07-20,29.4,35.1,24.3,73.3,131.4,0.7,5.7,0.0,,20.10,55.0,,,
202,580813A001,정읍시 정우면,2025-07-21,28.5,33.4,25.0,78.6,109.2,0.6,4.9,0.0,,14.89,56.0,,,
203,580813A001,정읍시 정우면,2025-07-22,28.7,34.9,24.2,77.2,277.9,0.6,4.0,0.0,,17.23,101.0,,,
204,580813A001,정읍시 정우면,2025-07-23,28.8,34.9,23.6,79.4,265.9,0.5,4.9,0.0,,18.94,341.0,,,
205,580813A001,정읍시 정우면,2025-07-24,29.7,36.1,24.3,78.3,257.5,0.5,3.6,0.0,,20.70,363.0,,,
206,580813A001,정읍시 정우면,2025-07-25,30.6,36.7,24.8,74.8,348.5,0.7,4.9,0.0,,22.73,409.0,,,
207,580813A001,정읍시 정우면,2025-07-26,31.2,37.1,25.4,69.1,102.0,0.7,4.2,0.0,,21.64,30.0,,,
208,580813A001,정읍시 정우면,2025-07-27,30.9,37.3,24.6,68.7,89.1,0.8,4.6,0.0,,20.96,4.0,,,
209,580813A001,정읍시 정우면,2025-07-28,30.4,35.8,25.7,74.5,277.3,0.6,5.6,0.0,,22.13,220.0,,,
210,580813A001,정읍시 정우면,2025-07-29,30.5,37.9,24.5,70.4,96.1,0.6,4.3,0.0,,22.66,197.0,,,
211,580813A001,정읍시 정우면,2025-07-30,30.1,36.8,24.8,67.0,104.7,0.7,4.3,0.0,,19.33,191.0,,,
212,580813A001,정읍시 정우면,2025-07-31,30.4,37.8,25.4,61.8,96.5,0.8,5.0,0.0,,21.29,0.0,,,
213,580813A001,정읍시 정우면,2025-08-01,30.1,37.0,24.0,68.3,272.8,0.7,4.2,0.0,,22.43,47.0,,,
214,580813A001,정읍시 정우면,2025-08-02,30.2,37.2,23.8,70.6,277.3,0.6,4.6,0.0,,20.45,48.0,,,
215,580813A001,정읍시 정우면,2025-08-03,27.2,31.2,24.6,86.2,102.1,0.7,5.3,69.5,,3.67,576.0,,,
216,580813A001,정읍시 정우면,2025-08-04,28.3,33.2,25.4,88.1,266.6,0.7,5.5,11.0,,14.21,690.0,,,
217,580813A001,정읍시 정우면,2025-08-05,29.0,34.1,24.2,81.4,263.1,0.7,5.6,0.5,,17.11,587.0,,,
218,580813A001,정읍시 정우면,2025-08-06,29.3,32.7,26.8,82.6,246.0,0.7,7.1,7.0,,9.17,211.0,,,
219,580813A001,정읍시 정우면,2025-08-07,27.9,32.3,23.2,82.0,293.1,0.8,4.9,1.0,,18.40,589.0,,,
220,580813A001,정읍시 정우면,2025-08-08,26.0,31.9,21.4,81.4,265.2,0.4,3.8,0.0,,16.90,501.0,,,
221,580813A001,정읍시 정우면,2025-08-09,25.0,28.7,23.0,87.7,103.1,0.5,4.2,4.0,,5.32,588.0,,,
222,580813A001,정읍시 정우면,2025-08-10,26.2,32.1,22.0,82.0,277.4,0.8,4.9,20.0,,20.60,450.0,,,
223,580813A001,정읍시 정우면,2025-08-11,24.3,28.3,21.9,90.9,89.0,0.4,2.8,7.5,,5.72,1051.0,,,
224,580813A001,정읍시 정우면,2025-08-12,23.9,27.6,20.9,91.1,98.0,0.5,3.9,8.5,,6.55,659.0,,,
225,580813A001,정읍시 정우면,2025-08-13,28.3,33.0,24.3,81.2,221.3,0.4,10.5,5.5,,14.03,43.0,,,
226,580813A001,정읍시 정우면,2025-08-14,28.2,33.3,23.7,83.8,271.4,0.7,9.3,16.5,,18.12,462.0,,,
227,580813A001,정읍시 정우면,2025-08-15,28.7,34.2,24.2,82.5,280.2,0.5,4.5,0.0,,18.64,624.0,,,
228,580813A001,정읍시 정우면,2025-08-16,28.4,34.6,24.1,78.9,273.5,0.5,4.3,0.0,,21.03,611.0,,,
229,580813A001,정읍시 정우면,2025-08-17,28.3,34.8,22.8,78.6,272.2,0.5,4.8,0.0,,20.44,474.0,,,
230,580813A001,정읍시 정우면,2025-08-18,29.0,35.1,24.1,77.6,268.7,0.6,5.0,0.0,,19.50,378.0,,,
231,580813A001,정읍시 정우면,2025-08-19,29.0,34.9,24.3,78.5,267.7,0.8,5.6,0.0,,19.20,509.0,,,
232,580813A001,정읍시 정우면,2025-08-20,29.0,35.6,24.2,79.0,259.9,0.7,4.5,0.0,,18.07,560.0,,,
233,580813A001,정읍시 정우면,2025-08-21,29.3,35.2,25.0,79.8,273.5,0.6,4.6,0.0,,17.87,233.0,,,
234,580813A001,정읍시 정우면,2025-08-22,29.2,34.8,24.7,76.8,275.9,0.6,5.2,0.0,,17.79,345.0,,,
235,580813A001,정읍시 정우면,2025-08-23,28.7,35.2,23.1,77.6,284.7,0.5,5.1,0.0,,17.48,431.0,,,
236,580813A001,정읍시 정우면,2025-08-24,29.6,36.5,24.2,78.5,260.2,0.6,5.0,0.0,,17.90,482.0,,,
237,580813A001,정읍시 정우면,2025-08-25,30.0,35.9,24.9,75.3,228.7,0.6,5.7,0.0,,16.54,445.0,,,
238,580813A001,정읍시 정우면,2025-08-26,26.7,29.9,22.7,89.4,229.9,0.6,7.8,59.0,,5.32,682.0,,,
239,580813A001,정읍시 정우면,2025-08-27,27.6,33.2,24.0,81.6,265.6,0.4,3.9,0.0,,17.62,667.0,,,
240,580813A001,정읍시 정우면,2025-08-28,28.2,34.9,23.3,80.6,258.0,0.5,5.4,0.0,,14.90,492.0,,,
241,580813A001,정읍시 정우면,2025-08-29,28.8,34.3,24.1,79.6,273.6,0.8,5.0,0.0,,16.73,606.0,,,
242,580813A001,정읍시 정우면,2025-08-30,28.8,34.6,23.5,78.6,274.4,0.5,4.6,0.0,,18.65,464.0,,,
243,580813A001,정읍시 정우면,2025-08-31,27.1,33.2,24.2,85.3,121.1,0.5,4.7,3.0,,10.35,794.0,,,
244,580813A001,정읍시 정우면,2025-09-01,27.9,34.3,23.9,83.6,212.1,0.6,6.1,18.5,,14.50,891.0,,,
245,580813A001,정읍시 정우면,2025-09-02,25.6,31.2,20.7,83.6,281.3,0.4,3.1,10.0,,10.01,782.0,,,
246,580813A001,정읍시 정우면,2025-09-03,25.9,33.5,20.1,84.9,161.3,0.5,4.9,32.0,,14.46,887.0,,,
247,580813A001,정읍시 정우면,2025-09-04,27.2,31.5,23.5,85.3,343.1,0.6,4.0,0.0,,14.32,578.0,,,
248,580813A001,정읍시 정우면,2025-09-05,27.5,33.6,23.7,84.6,236.6,0.4,6.6,0.5,,14.49,566.0,,,
249,580813A001,정읍시 정우면,2025-09-06,28.6,33.5,24.1,79.3,242.7,0.6,6.5,0.5,,14.23,569.0,,,
250,580813A001,정읍시 정우면,2025-09-07,25.8,30.1,20.8,90.7,242.3,0.7,7.1,134.5,,6.83,760.0,,,
251,580813A001,정읍시 정우면,2025-09-08,22.0,25.9,19.1,84.2,94.8,0.4,2.2,2.5,,6.57,851.0,,,
252,580813A001,정읍시 정우면,2025-09-09,20.9,22.8,18.3,91.4,100.7,0.6,4.0,8.0,,4.98,774.0,,,
253,580813A001,정읍시 정우면,2025-09-10,23.4,30.6,-10.8,84.0,203.7,0.4,3.2,1.0,,13.10,696.0,,,
254,580813A001,정읍시 정우면,2025-09-11,25.4,32.1,19.3,74.2,94.7,0.9,5.6,0.0,,19.37,494.0,,,
255,580813A001,정읍시 정우면,2025-09-12,24.2,27.6,21.7,86.0,87.5,0.6,3.6,11.0,,4.96,540.0,,,
256,580813A001,정읍시 정우면,2025-09-13,25.6,28.8,21.9,86.5,265.3,0.8,6.6,32.0,,8.08,513.0,,,
257,580813A001,정읍시 정우면,2025-09-14,25.3,31.1,21.1,82.9,272.0,0.4,3.4,0.0,,13.94,464.0,,,
258,580813A001,정읍시 정우면,2025-09-15,25.7,29.8,22.4,85.2,104.8,0.3,2.8,0.0,,8.64,196.0,,,
259,580813A001,정읍시 정우면,2025-09-16,27.5,33.4,23.5,84.0,257.3,0.5,5.6,0.0,,13.09,645.0,,,
260,580813A001,정읍시 정우면,2025-09-17,25.2,31.3,22.3,89.3,263.0,0.6,11.4,17.5,,6.82,835.0,,,
261,580813A001,정읍시 정우면,2025-09-18,23.5,28.6,20.8,84.5,269.3,0.4,3.6,0.0,,10.94,519.0,,,
262,580813A001,정읍시 정우면,2025-09-19,23.2,27.2,19.7,74.4,102.0,0.9,4.9,2.5,,8.01,117.0,,,
263,580813A001,정읍시 정우면,2025-09-20,22.5,26.1,18.1,86.2,270.7,0.9,8.7,9.0,,9.34,811.0,,,
264,580813A001,정읍시 정우면,2025-09-21,21.7,28.7,17.0,81.4,179.1,0.5,3.8,0.0,,15.02,524.0,,,
265,580813A001,정읍시 정우면,2025-09-22,22.5,27.6,17.8,67.9,85.5,0.8,4.9,0.0,,12.41,0.0,,,
266,580813A001,정읍시 정우면,2025-09-23,23.2,29.6,19.1,64.8,93.3,0.9,5.5,0.0,,14.95,0.0,,,
267,580813A001,정읍시 정우면,2025-09-24,24.8,30.7,20.1,79.8,126.7,0.7,6.5,4.0,,8.01,453.0,,,
268,580813A001,정읍시 정우면,2025-09-25,23.4,25.8,22.4,95.6,99.4,0.2,3.5,40.5,,4.58,948.0,,,
269,580813A001,정읍시 정우면,2025-09-26,23.8,28.6,21.0,83.4,278.5,0.6,3.9,0.0,,14.52,47.0,,,
270,580813A001,정읍시 정우면,2025-09-27,24.2,30.5,19.8,83.0,254.1,0.5,4.4,0.0,,11.98,486.0,,,
271,580813A001,정읍시 정우면,2025-09-28,22.2,24.2,19.8,91.1,265.1,0.6,6.3,4.0,,3.58,465.0,,,
272,580813A001,정읍시 정우면,2025-09-29,20.6,25.9,15.8,81.8,278.5,0.5,4.2,0.0,,12.25,474.0,,,
273,580813A001,정읍시 정우면,2025-09-30,20.0,26.6,14.7,80.3,263.0,0.4,3.8,0.0,,12.92,708.0,,,
274,580813A001,정읍시 정우면,2025-10-01,20.2,27.6,14.8,79.9,261.7,0.5,4.6,0.0,,15.89,551.0,,,
275,580813A001,정읍시 정우면,2025-10-02,20.5,25.5,17.9,83.9,94.6,0.3,2.3,0.5,,6.28,500.0,,,
276,580813A001,정읍시 정우면,2025-10-03,19.0,20.5,17.5,94.3,90.6,1.0,5.3,30.0,,2.23,1175.0,,,
277,580813A001,정읍시 정우면,2025-10-04,22.8,27.2,20.1,90.2,81.4,0.4,2.9,2.0,,7.92,455.0,,,
278,580813A001,정읍시 정우면,2025-10-05,23.1,26.7,20.3,88.7,282.2,0.5,4.3,0.0,,6.97,115.0,,,
279,580813A001,정읍시 정우면,2025-10-06,22.6,26.7,20.1,90.2,109.6,0.3,2.8,2.5,,3.80,953.0,,,
280,580813A001,정읍시 정우면,2025-10-07,23.3,26.7,21.5,89.2,250.1,0.8,7.0,4.5,,9.30,839.0,,,
281,580813A001,정읍시 정우면,2025-10-08,22.4,27.4,19.8,90.6,289.5,0.6,4.0,4.0,,7.13,797.0,,,
282,580813A001,정읍시 정우면,2025-10-09,23.2,29.2,18.2,77.1,98.7,0.6,5.1,0.0,,12.31,515.0,,,
283,580813A001,정읍시 정우면,2025-10-10,23.1,29.3,18.0,69.7,124.2,0.6,4.4,0.0,,14.04,74.0,,,
284,580813A001,정읍시 정우면,2025-10-11,23.2,29.5,18.2,77.4,265.4,0.5,3.9,0.0,,14.86,406.0,,,
285,580813A001,정읍시 정우면,2025-10-12,21.8,25.1,18.5,88.7,291.7,0.4,3.9,0.5,,4.10,487.0,,,
286,580813A001,정읍시 정우면,2025-10-13,22.4,27.0,17.8,89.6,276.8,0.3,4.5,7.5,,3.96,876.0,,,
287,580813A001,정읍시 정우면,2025-10-14,21.0,24.7,19.1,89.8,283.0,0.5,4.5,10.5,,8.72,717.0,,,
288,580813A001,정읍시 정우면,2025-10-15,20.8,25.1,17.4,83.8,102.6,0.6,4.2,0.5,,6.25,673.0,,,
289,580813A001,정읍시 정우면,2025-10-16,19.9,23.0,16.8,91.7,265.2,0.4,4.5,33.5,,5.43,832.0,,,
290,580813A001,정읍시 정우면,2025-10-17,20.2,26.8,14.2,83.8,105.9,0.6,5.3,5.5,,9.72,1024.0,,,
291,580813A001,정읍시 정우면,2025-10-18,18.0,19.9,15.3,92.0,296.6,0.7,4.9,14.0,,2.57,728.0,,,
292,580813A001,정읍시 정우면,2025-10-19,16.5,20.6,11.7,84.3,292.8,0.8,5.9,0.0,,6.72,72.0,,,
293,580813A001,정읍시 정우면,2025-10-20,12.6,17.4,7.8,69.7,264.4,0.7,5.4,0.0,,13.92,47.0,,,
294,580813A001,정읍시 정우면,2025-10-21,12.2,16.4,8.4,74.0,281.4,0.6,4.0,0.0,,7.48,0.0,,,
295,580813A001,정읍시 정우면,2025-10-22,12.5,21.1,5.3,83.1,262.1,0.4,4.3,0.0,,13.03,759.0,,,
296,580813A001,정읍시 정우면,2025-10-23,15.0,23.2,9.7,84.0,280.2,0.6,5.8,0.0,,12.67,883.0,,,
297,580813A001,정읍시 정우면,2025-10-24,15.3,22.8,10.8,85.3,273.3,0.5,4.8,0.0,,12.13,856.0,,,
298,580813A001,정읍시 정우면,2025-10-25,14.8,19.8,10.2,83.9,287.5,0.6,5.7,0.0,,7.51,726.0,,,
299,580813A001,정읍시 정우면,2025-10-26,13.3,18.7,10.2,81.2,289.3,0.5,6.0,0.0,,6.70,420.0,,,
300,580813A001,정읍시 정우면,2025-10-27,10.3,13.9,5.4,65.6,284.1,1.0,7.4,2.0,,12.96,301.0,,,
301,580813A001,정읍시 정우면,2025-10-28,8.6,15.7,3.1,68.5,163.2,0.5,5.4,0.0,,12.60,589.0,,,
302,580813A001,정읍시 정우면,2025-10-29,9.5,18.8,2.3,71.3,90.5,0.5,4.7,0.0,,12.20,692.0,,,
303,580813A001,정읍시 정우면,2025-10-30,11.0,18.4,4.0,72.9,101.1,0.4,3.9,0.0,,9.08,702.0,,,
304,580813A001,정읍시 정우면,2025-10-31,12.2,20.1,4.9,79.1,276.3,0.5,4.9,0.0,,11.27,743.0,,,
305,580813A001,정읍시 정우면,2025-11-01,13.0,17.9,9.2,80.9,287.2,0.9,7.7,3.5,,9.13,816.0,,,
306,580813A001,정읍시 정우면,2025-11-02,11.0,15.3,6.6,70.1,292.4,1.4,8.9,1.5,,8.92,558.0,,,
307,580813A001,정읍시 정우면,2025-11-03,6.5,13.9,-0.4,67.2,248.9,0.5,3.7,0.0,,11.71,276.0,,,
308,580813A001,정읍시 정우면,2025-11-04,9.8,18.3,4.1,80.0,273.4,0.4,3.9,0.0,,10.59,677.0,,,
309,580813A001,정읍시 정우면,2025-11-05,10.1,20.1,3.0,80.9,259.4,0.3,2.7,0.0,,10.67,933.0,,,
310,580813A001,정읍시 정우면,2025-11-06,10.9,20.2,4.1,80.8,254.9,0.3,3.1,0.0,,10.09,881.0,,,
311,580813A001,정읍시 정우면,2025-11-07,12.6,22.3,5.3,81.8,273.0,0.3,4.6,0.0,,10.48,913.0,,,
312,580813A001,정읍시 정우면,2025-11-08,13.8,20.2,8.4,80.7,86.6,0.4,4.9,5.0,,4.90,871.0,,,
313,580813A001,정읍시 정우면,2025-11-09,13.6,18.8,8.9,85.3,280.9,0.7,6.3,5.0,,8.83,875.0,,,
314,580813A001,정읍시 정우면,2025-11-10,9.1,14.4,2.3,65.0,276.2,0.8,7.2,0.0,,10.67,453.0,,,
315,580813A001,정읍시 정우면,2025-11-11,6.9,15.9,0.9,70.9,247.4,0.4,4.2,0.0,,9.75,679.0,,,
316,580813A001,정읍시 정우면,2025-11-12,6.9,13.5,0.5,82.6,138.1,0.3,3.0,0.0,,5.80,784.0,,,
317,580813A001,정읍시 정우면,2025-11-13,9.5,17.9,2.5,83.1,276.0,0.5,5.1,0.0,,9.34,954.0,,,
318,580813A001,정읍시 정우면,2025-11-14,7.9,15.7,1.6,79.0,275.6,0.5,5.4,0.0,,10.13,915.0,,,
319,580813A001,정읍시 정우면,2025-11-15,8.3,17.2,2.1,76.2,267.7,0.3,3.9,0.0,,10.08,848.0,,,
320,580813A001,정읍시 정우면,2025-11-16,10.7,20.9,3.5,76.3,257.3,0.5,5.4,0.0,,8.26,724.0,,,
321,580813A001,정읍시 정우면,2025-11-17,7.5,11.5,4.0,61.9,287.6,1.3,8.4,0.0,,7.02,181.0,,,
322,580813A001,정읍시 정우면,2025-11-18,4.1,7.7,2.3,65.9,95.0,0.7,4.3,0.0,,5.31,57.0,,,
323,580813A001,정읍시 정우면,2025-11-19,5.3,9.6,1.8,77.8,283.1,0.4,3.5,0.5,,5.54,560.0,,,
324,580813A001,정읍시 정우면,2025-11-20,8.3,14.6,1.7,77.2,260.8,0.6,6.5,0.0,,5.77,241.0,,,
325,580813A001,정읍시 정우면,2025-11-21,6.2,12.7,1.0,75.0,287.9,0.6,5.6,0.0,,9.25,749.0,,,
326,580813A001,정읍시 정우면,2025-11-22,6.5,15.3,0.0,78.1,275.6,0.4,4.5,0.0,,8.41,819.0,,,
327,580813A001,정읍시 정우면,2025-11-23,8.4,16.3,2.0,78.5,214.6,0.5,5.8,0.0,,8.28,618.0,,,
328,580813A001,정읍시 정우면,2025-11-24,12.0,18.8,7.0,78.9,245.2,0.7,5.8,0.0,,7.84,590.0,,,
329,580813A001,정읍시 정우면,2025-11-25,7.8,11.5,5.0,82.7,283.5,1.3,10.3,6.0,,3.46,900.0,,,
330,580813A001,정읍시 정우면,2025-11-26,7.2,12.0,1.5,75.8,272.3,0.4,4.8,0.0,,7.26,251.0,,,
331,580813A001,정읍시 정우면,2025-11-27,6.7,11.7,0.2,78.1,276.8,1.6,12.4,7.5,,4.08,797.0,,,
332,580813A001,정읍시 정우면,2025-11-28,4.9,9.2,-1.3,64.7,275.4,0.7,4.6,0.0,,7.89,305.0,,,
333,580813A001,정읍시 정우면,2025-11-29,6.6,16.2,-2.8,74.8,200.7,0.5,6.1,0.0,,8.20,686.0,,,
334,580813A001,정읍시 정우면,2025-11-30,12.7,19.5,5.5,75.9,230.4,0.6,5.7,0.0,,7.77,632.0,,,
335,580813A001,정읍시 정우면,2025-12-01,7.9,12.1,0.3,69.4,290.9,1.0,6.1,0.0,,8.28,457.0,,,
336,580813A001,정읍시 정우면,2025-12-02,3.0,7.9,-0.9,61.4,278.2,0.8,6.2,0.0,,7.62,254.0,,,
337,580813A001,정읍시 정우면,2025-12-03,-1.2,2.2,-4.2,65.9,297.3,1.0,6.8,0.0,,7.71,0.0,,,
338,580813A001,정읍시 정우면,2025-12-04,0.4,5.0,-4.7,72.2,267.0,0.6,6.8,0.0,,8.12,151.0,,,
339,580813A001,정읍시 정우면,2025-12-05,0.4,4.8,-4.7,63.1,303.3,0.8,7.8,0.0,,8.22,6.0,,,
340,580813A001,정읍시 정우면,2025-12-06,3.4,11.5,-6.7,70.5,166.0,0.6,6.0,0.0,,7.06,34.0,,,
341,580813A001,정읍시 정우면,2025-12-07,9.8,15.5,4.0,76.6,247.7,0.6,6.1,0.0,,5.87,455.0,,,
342,580813A001,정읍시 정우면,2025-12-08,5.4,9.8,-2.3,55.0,287.5,1.0,7.2,0.0,,8.20,0.0,,,
343,580813A001,정읍시 정우면,2025-12-09,1.6,9.3,-4.0,70.6,349.1,0.5,4.2,0.0,,8.04,533.0,,,
344,580813A001,정읍시 정우면,2025-12-10,5.0,12.8,-1.9,72.1,107.8,0.4,3.6,0.0,,6.66,463.0,,,
345,580813A001,정읍시 정우면,2025-12-11,7.5,12.8,-1.4,78.3,289.7,1.3,10.0,5.5,,5.03,460.0,,,
346,580813A001,정읍시 정우면,2025-12-12,1.0,8.9,-4.9,72.3,243.7,0.3,3.3,0.0,,8.21,129.0,,,
347,580813A001,정읍시 정우면,2025-12-13,2.9,8.5,-1.1,90.6,290.8,0.5,6.9,14.0,,1.94,1021.0,,,
348,580813A001,정읍시 정우면,2025-12-14,2.0,4.3,0.2,89.9,289.3,0.4,4.9,4.0,,2.15,1144.0,,,
349,580813A001,정읍시 정우면,2025-12-15,2.9,9.0,-0.6,84.2,229.2,0.3,3.9,0.0,,5.62,946.0,,,
350,580813A001,정읍시 정우면,2025-12-16,6.4,10.2,0.1,81.7,90.5,0.3,2.5,0.0,,2.02,327.0,,,
351,580813A001,정읍시 정우면,2025-12-17,5.8,9.0,-1.3,76.5,295.5,1.0,6.5,0.5,,5.53,481.0,,,
352,580813A001,정읍시 정우면,2025-12-18,1.7,9.6,-3.5,78.4,291.5,0.4,3.2,0.0,,8.33,584.0,,,
353,580813A001,정읍시 정우면,2025-12-19,7.3,17.6,-1.9,75.9,217.8,0.4,5.8,0.0,,6.45,676.0,,,
354,580813A001,정읍시 정우면,2025-12-20,10.1,16.8,5.7,85.7,285.5,1.0,7.9,0.0,,2.31,729.0,,,
355,580813A001,정읍시 정우면,2025-12-21,1.5,5.7,-4.5,57.7,282.5,1.0,5.1,0.0,,6.28,0.0,,,
356,580813A001,정읍시 정우면,2025-12-22,-1.9,6.4,-8.0,68.5,270.5,0.3,2.9,0.0,,8.04,1.0,,,
357,580813A001,정읍시 정우면,2025-12-23,5.3,13.1,-3.6,79.5,122.1,0.5,5.6,11.0,,2.84,514.0,,,
358,580813A001,정읍시 정우면,2025-12-24,4.4,6.1,1.0,89.1,291.1,0.6,3.7,3.5,,2.08,794.0,,,
359,580813A001,정읍시 정우면,2025-12-25,-0.9,3.0,-5.1,79.1,302.1,1.5,12.5,0.0,,4.79,448.0,,,
360,580813A001,정읍시 정우면,2025-12-26,-5.2,-1.6,-8.6,57.2,301.7,1.2,7.3,0.0,,8.62,119.0,,,
361,580813A001,정읍시 정우면,2025-12-27,-0.9,4.8,-8.3,70.5,203.2,0.4,3.9,0.0,,5.87,473.0,,,
362,580813A001,정읍시 정우면,2025-12-28,5.6,10.9,1.9,65.8,201.7,0.4,5.0,0.0,,6.41,139.0,,,
363,580813A001,정읍시 정우면,2025-12-29,6.0,12.7,1.1,81.5,269.0,0.7,8.3,0.0,,5.30,853.0,,,
364,580813A001,정읍시 정우면,2025-12-30,0.6,6.2,-3.9,63.9,271.6,0.5,5.7,0.0,,8.70,642.0,,,
365,580813A001,정읍시 정우면,2025-12-31,-2.4,0.5,-7.4,57.8,302.6,1.1,7.3,0.0,,8.38,0.0,,,
