region_code,region_name,clmt_zone_code,annual_mean_temp,temp_seasonality,annual_precip,weather_months,valid_temp_months,growing_temp,score_09001_temp,score_09001_total,score_09011_temp,score_09011_total,score_07001_temp,score_07001_total,score_03001_temp,score_03001_total,score_04009_temp,score_04009_total,env_cluster,env_anomaly_dist,env_anomaly_flag
4420025000,충청남도 아산시 염치읍,13,13.75,11.036015420596165,706.0,12,12,22.483333333333334,5.5,5.5,100.0,100.0,91.3,91.3,100.0,100.0,92.9,92.9,1.0,1.998,True
5119000000,강원특별자치도 태백시,2,7.574999999999999,10.608497880130216,1095.5,12,12,16.016666666666666,100.0,100.0,0.0,0.0,84.0,84.0,0.0,0.0,86.7,86.7,2.0,2.098,True
4150010300,경기도 이천시 중리동,7,12.716666666666667,10.809577683562374,1924.2,12,12,21.3,28.0,28.0,100.0,100.0,90.4,90.4,100.0,100.0,91.9,91.9,1.0,1.715,False
4822034000,경상남도 통영시 광도면,16,15.024999999999999,9.873852062161685,1762.6,12,12,22.400000000000002,1.2,1.2,93.9,93.9,92.3,92.3,100.0,100.0,92.8,92.8,0.0,1.134,False
4374525000,충청북도 증평군 증평읍,8,,,,12,0,,,,,,,,,,,,,,
4163031000,경기도 양주시 은현면,6,12.141666666666666,11.134096553407737,1490.0,12,12,21.016666666666666,41.6,41.6,100.0,100.0,89.8,89.8,92.7,92.7,91.7,91.7,1.0,0.845,False
4374040000,충청북도 영동군 심천면,4,,,,12,0,,,,,,,,,,,,,,
4725033000,경상북도 상주시 낙동면,11,13.525,10.947156127174184,947.0,12,12,22.25,7.8,7.8,100.0,100.0,91.3,91.3,100.0,100.0,92.7,92.7,1.0,1.381,False
1217043000,전남광주통합특별시 나주시 봉황면,10,13.716666666666667,10.064323427861709,3881.4,12,12,21.483333333333334,17.6,17.6,100.0,100.0,91.0,91.0,100.0,100.0,92.1,92.1,3.0,2.188,True
4423032000,충청남도 논산시 광석면,14,13.533333333333333,10.760477628241173,1683.0,12,12,21.983333333333334,10.6,10.6,100.0,100.0,91.2,91.2,100.0,100.0,92.5,92.5,1.0,1.424,False
5176036000,강원특별자치도 평창군 진부면,1,9.608333333333333,11.082784219707884,1127.0,12,12,18.416666666666668,100.0,100.0,71.3,71.3,86.9,86.9,39.0,39.0,89.3,89.3,2.0,0.518,False
5117011200,강원특별자치도 동해시 북평동,18,15.174999999999999,9.479367546989044,1038.0,12,12,22.599999999999998,3.7,3.7,100.0,100.0,91.5,91.5,100.0,100.0,93.0,93.0,0.0,1.212,False
5121011000,강원특별자치도 속초시 대포동,17,13.166666666666666,9.599463368839789,1451.0,12,12,20.666666666666668,63.8,63.8,100.0,100.0,89.6,89.6,92.7,92.7,91.4,91.4,0.0,1.679,False
5175025000,강원특별자치도 영월군 영월읍,3,12.666666666666666,10.854687578380247,607.5,12,12,21.283333333333335,27.1,27.1,100.0,100.0,90.4,90.4,100.0,100.0,91.9,91.9,1.0,1.704,False
5219025000,전북특별자치도 남원시 운봉읍,9,11.908333333333333,10.289046102383335,1554.0,12,12,19.98333333333333,87.0,87.0,100.0,100.0,89.6,89.6,89.6,89.6,90.8,90.8,1.0,1.575,False
1278031000,전남광주통합특별시 강진군 군동면,15,15.083333333333334,9.651738734863299,1461.0,12,12,22.516666666666666,1.5,1.5,94.2,94.2,92.2,92.2,100.0,100.0,92.9,92.9,0.0,0.696,False
4713000000,경상북도 경주시,19,14.766666666666666,9.865950014923534,959.0,12,12,22.566666666666666,3.5,3.5,100.0,100.0,91.7,91.7,100.0,100.0,93.0,93.0,0.0,1.064,False
4782000000,경상북도 청도군,12,13.991666666666667,10.412794431793412,1426.0,12,12,22.200000000000003,7.4,7.4,100.0,100.0,91.5,91.5,100.0,100.0,92.7,92.7,0.0,0.894,False
4775032000,경상북도 청송군 부남면,5,11.508333333333333,10.56499006868985,1101.5,12,12,19.866666666666667,91.3,91.3,100.0,100.0,89.1,89.1,88.2,88.2,90.7,90.7,1.0,1.418,False
5011000000,제주특별자치도 제주시,20,16.675,8.583718732153756,1019.5,12,12,22.833333333333332,0.0,0.0,86.8,86.8,93.0,93.0,100.0,100.0,93.2,93.2,0.0,2.803,True
4155031000,경기도 안성시 보개면,13,13.766666666666666,10.69981591458753,737.5,12,12,22.03333333333333,8.7,8.7,100.0,100.0,91.4,91.4,100.0,100.0,92.5,92.5,1.0,1.735,False
5176000000,강원특별자치도 평창군,2,9.333333333333334,11.072844204985401,1333.0,12,12,18.116666666666667,100.0,100.0,54.3,54.3,87.0,87.0,40.3,40.3,89.0,89.0,2.0,0.614,False
4150000000,경기도 이천시,7,12.841666666666667,11.12674569211365,1156.5,12,12,21.7,18.5,18.5,100.0,100.0,90.7,90.7,100.0,100.0,92.3,92.3,1.0,0.749,False
4831034000,경상남도 거제시 거제면,16,15.408333333333333,9.493103557399717,1297.3,12,12,22.433333333333334,0.1,0.1,92.9,92.9,92.5,92.5,100.0,100.0,92.9,92.9,0.0,0.946,False
4375025000,충청북도 진천군 진천읍,8,12.683333333333332,10.749869625706955,1345.0,12,12,21.266666666666666,29.3,29.3,100.0,100.0,90.4,90.4,100.0,100.0,91.9,91.9,1.0,0.261,False
4183025000,경기도 양평군 양평읍,6,13.100000000000001,10.890780087261469,1505.0,12,12,21.7,17.3,17.3,100.0,100.0,90.8,90.8,100.0,100.0,92.3,92.3,1.0,0.844,False
4373025000,충청북도 옥천군 옥천읍,4,13.408333333333333,10.722572480802384,1353.5,12,12,21.933333333333334,13.0,13.0,100.0,100.0,91.0,91.0,100.0,100.0,92.5,92.5,1.0,0.88,False
4728010300,경상북도 문경시 흥덕동,11,,,,12,1,,,,,,,,,,,,,,
1273025000,전남광주통합특별시 구례군 구례읍,10,14.658333333333333,10.224076604967435,1555.8,12,12,22.683333333333334,0.7,0.7,93.5,93.5,92.1,92.1,100.0,100.0,93.0,93.0,0.0,0.825,False
5280034000,전북특별자치도 부안군 계화면,14,13.808333333333332,10.221586634829903,1369.5,12,12,21.650000000000002,14.3,14.3,100.0,100.0,91.1,91.1,100.0,100.0,92.2,92.2,0.0,0.826,False
5172000000,강원특별자치도 홍천군,1,8.191666666666666,11.620472399514522,1172.5,12,12,17.383333333333333,100.0,100.0,21.9,21.9,85.9,85.9,9.7,9.7,88.2,88.2,2.0,1.59,False
5123034000,강원특별자치도 삼척시 미로면,18,14.383333333333333,9.919662139896548,1099.5,12,12,22.333333333333332,9.3,9.3,100.0,100.0,90.9,90.9,100.0,100.0,92.8,92.8,0.0,0.658,False
5183025000,강원특별자치도 양양군 양양읍,17,14.033333333333333,9.64481333372628,1314.5,12,12,21.599999999999998,20.7,20.7,100.0,100.0,90.5,90.5,100.0,100.0,92.2,92.2,0.0,0.771,False
5113037000,강원특별자치도 원주시 흥업면,3,12.033333333333333,11.030646015313495,1239.5,12,12,20.8,51.4,51.4,100.0,100.0,89.8,89.8,94.6,94.6,91.5,91.5,1.0,0.592,False
5219042000,전북특별자치도 남원시 이백면,9,13.758333333333333,10.377025176569223,1734.5,12,12,21.900000000000002,10.6,10.6,100.0,100.0,91.5,91.5,100.0,100.0,92.4,92.4,0.0,1.367,False
1274031000,전남광주통합특별시 고흥군 풍양면,15,14.666666666666666,9.54704460061126,1274.0,12,12,21.916666666666668,8.0,8.0,100.0,100.0,91.9,91.9,100.0,100.0,92.4,92.4,0.0,0.709,False
4711000000,경상북도 포항시,19,14.266666666666666,9.51595152012311,1156.5,12,12,21.650000000000002,15.6,15.6,100.0,100.0,91.1,91.1,100.0,100.0,92.2,92.2,0.0,0.979,False
4782033000,경상북도 청도군 각북면,12,13.841666666666667,10.284362209714615,1452.5,12,12,21.95,11.1,11.1,100.0,100.0,91.4,91.4,100.0,100.0,92.5,92.5,0.0,0.818,False
4792032000,경상북도 봉화군 봉성면,5,10.516666666666667,10.987913470001592,939.5,12,12,19.25,100.0,100.0,90.4,90.4,88.3,88.3,79.8,79.8,90.1,90.1,2.0,1.375,False
5011013400,제주특별자치도 제주시 오등동,20,15.816666666666668,8.745371069972684,1163.5,12,12,22.333333333333332,1.4,1.4,94.1,94.1,92.5,92.5,100.0,100.0,92.8,92.8,0.0,2.177,True
4180025000,경기도 연천군 연천읍,13,,,,12,0,,,,,,,,,,,,,,
5181025000,강원특별자치도 인제군 인제읍,2,11.708333333333334,11.218042150793057,1097.5,12,12,20.666666666666668,70.0,70.0,100.0,100.0,89.4,89.4,91.5,91.5,91.4,91.4,1.0,1.06,False
4165039000,경기도 포천시 영북면,7,11.333333333333334,11.307546420891052,1772.5,12,12,20.349999999999998,83.7,83.7,100.0,100.0,89.2,89.2,89.6,89.6,91.1,91.1,1.0,1.875,True
4817012200,경상남도 진주시 초전동,16,14.799999999999999,10.061086151378218,1364.0,12,12,22.666666666666668,0.7,0.7,93.5,93.5,92.1,92.1,100.0,100.0,93.0,93.0,0.0,0.467,False
4311000000,충청북도 청주시,8,13.725,10.909389200467308,1328.5,12,12,22.349999999999998,6.4,6.4,100.0,100.0,91.4,91.4,100.0,100.0,92.8,92.8,1.0,1.254,False
4182025000,경기도 가평군 가평읍,6,11.791666666666666,11.251299588236126,1655.0,12,12,20.71666666666667,57.4,57.4,100.0,100.0,89.6,89.6,92.7,92.7,91.4,91.4,1.0,1.394,False
4425031000,충청남도 계룡시 두마면,4,,,,12,0,,,,,,,,,,,,,,
4723025000,경상북도 영천시 금호읍,11,14.066666666666668,10.815925407668196,1095.0,12,12,22.683333333333334,2.8,2.8,100.0,100.0,91.6,91.6,100.0,100.0,93.0,93.0,1.0,1.648,False
1217039000,전남광주통합특별시 나주시 금천면,10,14.591666666666667,10.149470056325228,1387.5,12,12,22.45,2.8,2.8,100.0,100.0,91.9,91.9,100.0,100.0,92.9,92.9,0.0,0.425,False
5271033000,전북특별자치도 완주군 이서면,14,14.275,10.568058650308657,1602.0,12,12,22.5,3.0,3.0,100.0,100.0,91.8,91.8,100.0,100.0,92.9,92.9,0.0,1.273,False
5180000000,강원특별자치도 양구군,1,9.925,10.570983010968366,1363.5,12,12,18.416666666666668,100.0,100.0,69.3,69.3,87.1,87.1,68.3,68.3,89.3,89.3,2.0,0.866,False
5123031000,강원특별자치도 삼척시 근덕면,18,14.125,9.230889349451557,984.5,12,12,21.3,25.9,25.9,100.0,100.0,90.5,90.5,100.0,100.0,91.9,91.9,0.0,1.69,False
4315025000,충청북도 제천시 봉양읍,3,11.791666666666666,10.967593448911483,1282.5,12,12,20.483333333333334,74.3,74.3,100.0,100.0,89.7,89.7,92.3,92.3,91.2,91.2,1.0,0.809,False
5277040000,전북특별자치도 순창군 구림면,9,12.325000000000001,10.442145808736301,1850.0,12,12,20.433333333333334,67.8,67.8,100.0,100.0,90.0,90.0,90.5,90.5,91.2,91.2,1.0,1.755,False
1281033000,전남광주통합특별시 무안군 청계면,15,14.549999999999999,9.951107750122368,1734.5,12,12,22.166666666666668,6.1,6.1,100.0,100.0,91.7,91.7,100.0,100.0,92.6,92.6,0.0,1.001,False
4711300000,경상북도 포항시 북구,19,14.991666666666667,9.666385837091086,1035.5,12,12,22.650000000000002,2.8,2.8,100.0,100.0,91.7,91.7,100.0,100.0,93.0,93.0,0.0,1.03,False
4782025000,경상북도 청도군 화양읍,12,14.549999999999999,10.230302581502215,1339.0,12,12,22.666666666666668,1.9,1.9,94.5,94.5,92.0,92.0,100.0,100.0,93.0,93.0,0.0,0.62,False
4792000000,경상북도 봉화군,5,11.466666666666667,10.817858411259625,924.0,12,12,20.066666666666666,88.3,88.3,100.0,100.0,89.2,89.2,88.8,88.8,90.9,90.9,1.0,1.465,False
5011025600,제주특별자치도 제주시 구좌읍,20,15.916666666666666,8.619832663776899,1446.0,12,12,22.25,1.9,1.9,94.5,94.5,92.4,92.4,100.0,100.0,92.7,92.7,0.0,2.351,True
4427000000,충청남도 당진시,13,13.341666666666667,10.541386689299152,1507.5,12,12,21.566666666666666,19.1,19.1,100.0,100.0,90.7,90.7,100.0,100.0,92.2,92.2,1.0,0.979,False
5177025000,강원특별자치도 정선군 정선읍,2,11.566666666666668,10.766980950474409,1044.5,12,12,20.25,86.3,86.3,100.0,100.0,89.3,89.3,91.1,91.1,91.0,91.0,1.0,1.164,False
4167011200,경기도 여주시 상거동,7,12.475,11.093988953892595,1081.5,12,12,21.216666666666665,28.9,28.9,100.0,100.0,90.3,90.3,100.0,100.0,91.9,91.9,1.0,0.661,False
4884031000,경상남도 남해군 이동면,16,15.608333333333334,9.657353141361751,1698.5,12,12,23.03333333333333,0.0,0.0,88.1,88.1,92.6,92.6,100.0,100.0,93.3,93.3,0.0,1.406,False
4313012200,충청북도 충주시 안림동,8,12.125,10.758516710875242,1207.0,12,12,20.683333333333334,57.4,57.4,100.0,100.0,90.0,90.0,94.4,94.4,91.4,91.4,1.0,0.532,False
4165034000,경기도 포천시 신북면,6,12.575000000000001,11.069542570823454,1582.0,12,12,21.383333333333336,27.1,27.1,100.0,100.0,90.3,90.3,100.0,100.0,92.0,92.0,1.0,0.939,False
4471031000,충청남도 금산군 금성면,4,12.65,10.958558299338467,1125.5,12,12,21.349999999999998,25.1,25.1,100.0,100.0,90.5,90.5,100.0,100.0,92.0,92.0,1.0,0.456,False
4773025000,경상북도 의성군 의성읍,11,12.200000000000001,11.004874952823076,979.5,12,12,20.966666666666665,39.4,39.4,100.0,100.0,90.2,90.2,94.7,94.7,91.7,91.7,1.0,0.854,False
1217037000,전남광주통합특별시 나주시 문평면,10,13.383333333333333,10.006164766449396,2861.7,12,12,21.083333333333332,27.1,27.1,100.0,100.0,90.7,90.7,94.7,94.7,91.8,91.8,3.0,0.596,False
5271000000,전북특별자치도 완주군,14,14.408333333333333,10.551471963951789,1450.0,12,12,22.650000000000002,1.7,1.7,94.4,94.4,91.8,91.8,100.0,100.0,93.0,93.0,0.0,1.12,False
4777037000,경상북도 영덕군 병곡면,18,14.775,9.677163840712835,932.0,12,12,22.3,6.4,6.4,100.0,100.0,91.4,91.4,100.0,100.0,92.7,92.7,0.0,1.167,False
1272031000,전남광주통합특별시 곡성군 오곡면,9,,,,12,0,,,,,,,,,,,,,,
1217034000,전남광주통합특별시 나주시 공산면,15,14.049999999999999,10.08892281843625,2365.2999999999997,12,12,21.816666666666666,11.5,11.5,100.0,100.0,91.3,91.3,100.0,100.0,92.4,92.4,3.0,1.776,True
3171031000,울산광역시 울주군 서생면,19,14.674999999999999,8.891070597157373,830.0,12,12,21.400000000000002,17.6,17.6,100.0,100.0,91.4,91.4,100.0,100.0,92.0,92.0,0.0,2.277,True
4782034000,경상북도 청도군 이서면,12,13.424999999999999,10.529795387807443,1446.5,12,12,21.766666666666666,15.3,15.3,100.0,100.0,91.0,91.0,100.0,100.0,92.3,92.3,1.0,0.999,False
4717032000,경상북도 안동시 북후면,5,12.391666666666666,11.126173754900757,872.0,12,12,21.25,28.9,28.9,100.0,100.0,90.3,90.3,100.0,100.0,91.9,91.9,1.0,1.144,False
5011025000,제주특별자치도 제주시 한림읍,20,,,,12,0,,,,,,,,,,,,,,
4128000000,경기도 고양시,13,12.383333333333333,11.272156632673056,1130.5,12,12,21.3,28.9,28.9,100.0,100.0,90.2,90.2,93.9,93.9,91.9,91.9,1.0,0.842,False
5177035000,강원특별자치도 정선군 임계면,2,9.891666666666667,10.502593474802769,943.0,12,12,18.3,100.0,100.0,63.3,63.3,86.9,86.9,40.3,40.3,89.2,89.2,2.0,0.869,False
4146100000,경기도 용인시 처인구,7,13.366666666666667,10.70083542476375,1416.0,12,12,21.833333333333332,14.8,14.8,100.0,100.0,90.9,90.9,100.0,100.0,92.4,92.4,1.0,0.871,False
4824012600,경상남도 사천시 송포동,16,14.791666666666666,9.683862709151601,1178.5,12,12,22.21666666666667,4.8,4.8,100.0,100.0,92.0,92.0,100.0,100.0,92.7,92.7,0.0,0.62,False
4377031000,충청북도 음성군 소이면,8,11.933333333333332,10.6703781421733,1226.0,12,12,20.416666666666668,76.5,76.5,100.0,100.0,89.8,89.8,93.2,93.2,91.2,91.2,1.0,0.799,False
5178025900,강원특별자치도 철원군 동송읍,6,12.533333333333333,11.726607921020184,1633.5,12,12,21.833333333333332,15.0,15.0,100.0,100.0,90.8,90.8,100.0,100.0,92.4,92.4,1.0,1.86,True
5274000000,전북특별자치도 장수군,4,11.525,10.135547256158308,1740.0,12,12,19.466666666666665,100.0,100.0,94.4,94.4,89.2,89.2,87.4,87.4,90.3,90.3,1.0,2.291,True
4729033000,경상북도 경산시 자인면,11,14.625,10.787376882263825,1154.5,12,12,23.233333333333334,0.0,0.0,89.4,89.4,92.1,92.1,100.0,100.0,93.5,93.5,0.0,1.721,False
1215035000,전남광주통합특별시 순천시 주암면,10,13.591666666666667,10.18380696215439,1525.5,12,12,21.566666666666666,16.7,16.7,100.0,100.0,91.1,91.1,100.0,100.0,92.2,92.2,0.0,1.028,False
5213036000,전북특별자치도 군산시 개정면,14,14.0,10.306573365840586,1468.0,12,12,21.933333333333334,10.2,10.2,100.0,100.0,91.3,91.3,100.0,100.0,92.5,92.5,0.0,0.813,False
4793040000,경상북도 울진군 매화면,18,14.275,9.813823738158149,1210.0,12,12,22.016666666666666,11.8,11.8,100.0,100.0,91.0,91.0,100.0,100.0,92.5,92.5,0.0,0.468,False
4784000000,경상북도 성주군,9,13.075000000000001,10.49087265630982,1305.0,12,12,21.416666666666668,22.4,22.4,100.0,100.0,90.7,90.7,100.0,100.0,92.0,92.0,1.0,0.668,False
1281034000,전남광주통합특별시 무안군 현경면,15,,,,12,0,,,,,,,,,,,,,,
3171026200,울산광역시 울주군 청량읍,19,14.225,9.976347026843042,1152.0,12,12,22.0,9.7,9.7,100.0,100.0,91.4,91.4,100.0,100.0,92.5,92.5,0.0,0.581,False
4827034000,경상남도 밀양시 산내면,12,13.775,9.737941260862073,1284.5,12,12,21.400000000000002,20.7,20.7,100.0,100.0,91.1,91.1,100.0,100.0,92.0,92.0,0.0,0.912,False
4776000000,경상북도 영양군,5,11.841666666666667,10.721131074432003,968.0,12,12,20.333333333333332,80.5,80.5,100.0,100.0,89.5,89.5,90.3,90.3,91.1,91.1,1.0,1.152,False
5011025900,제주특별자치도 제주시 조천읍,20,,,,12,0,,,,,,,,,,,,,,
4111000000,경기도 수원시,13,13.916666666666666,10.704530335188446,1085.0,12,12,22.3,6.8,6.8,100.0,100.0,91.3,91.3,100.0,100.0,92.7,92.7,1.0,1.376,False
5119010100,강원특별자치도 태백시 황지동,2,9.616666666666667,10.4309707848863,1037.0,12,12,17.96666666666667,100.0,100.0,38.5,38.5,86.5,86.5,34.4,34.4,88.9,88.9,2.0,0.76,False
4161010600,경기도 광주시 목현동,7,12.350000000000001,11.020435563080072,1460.0,12,12,21.083333333333332,36.2,36.2,100.0,100.0,90.0,90.0,100.0,100.0,91.8,91.8,1.0,0.63,False
4825011500,경상남도 김해시 전하동,16,15.058333333333332,9.751872392085284,989.0,12,12,22.599999999999998,0.7,0.7,93.5,93.5,92.3,92.3,100.0,100.0,93.0,93.0,0.0,1.081,False
4313011400,충청북도 충주시 달천동,8,12.858333333333334,11.013583211267582,843.0,12,12,21.599999999999998,19.4,19.4,100.0,100.0,90.7,90.7,100.0,100.0,92.2,92.2,1.0,1.205,False
5111025000,강원특별자치도 춘천시 신북읍,6,12.033333333333333,11.733118110973768,1407.0,12,12,21.366666666666664,27.5,27.5,100.0,100.0,90.1,90.1,100.0,100.0,92.0,92.0,1.0,1.601,False
5273025000,전북특별자치도 무주군 무주읍,4,13.033333333333333,10.646496080301668,1265.0,12,12,21.516666666666666,21.1,21.1,100.0,100.0,90.8,90.8,100.0,100.0,92.1,92.1,1.0,0.5,False
4719025000,경상북도 구미시 선산읍,11,13.458333333333334,10.554400920368659,914.5,12,12,21.883333333333336,13.7,13.7,100.0,100.0,91.0,91.0,100.0,100.0,92.4,92.4,1.0,1.299,False
1284025000,전남광주통합특별시 장성군 장성읍,10,13.758333333333333,10.25816378512374,1775.0,12,12,21.733333333333334,13.5,13.5,100.0,100.0,91.2,91.2,100.0,100.0,92.3,92.3,0.0,1.39,False
5221036000,전북특별자치도 김제시 부량면,14,13.658333333333333,10.55293654377632,1481.5,12,12,21.78333333333333,12.7,12.7,100.0,100.0,91.0,91.0,100.0,100.0,92.3,92.3,1.0,1.122,False
4888000000,경상남도 거창군,9,13.0,10.328337013021287,1234.0,12,12,21.183333333333334,28.4,28.4,100.0,100.0,90.6,90.6,100.0,100.0,91.8,91.8,1.0,0.853,False
1287025300,전남광주통합특별시 신안군 압해읍,15,,,,12,0,,,,,,,,,,,,,,
4827036000,경상남도 밀양시 상남면,12,14.625,10.221112286030143,1128.0,12,12,22.633333333333336,1.4,1.4,94.1,94.1,92.1,92.1,100.0,100.0,93.0,93.0,0.0,0.824,False
4776025000,경상북도 영양군 영양읍,5,12.0,10.807573102396132,972.5,12,12,20.516666666666666,70.0,70.0,100.0,100.0,89.7,89.7,91.0,91.0,91.3,91.3,1.0,1.004,False
5011025300,제주특별자치도 제주시 애월읍,20,,,,12,0,,,,,,,,,,,,,,
4180036000,경기도 연천군 신서면,13,11.341666666666667,11.793793308603497,1205.0,12,12,20.666666666666668,67.8,67.8,100.0,100.0,89.4,89.4,89.2,89.2,91.4,91.4,1.0,1.855,True
5177025900,강원특별자치도 정선군 신동읍,2,11.700000000000001,10.918291574650812,1038.5,12,12,20.366666666666667,80.5,80.5,100.0,100.0,89.4,89.4,90.8,90.8,91.1,91.1,1.0,1.07,False
5173036000,강원특별자치도 횡성군 공근면,7,11.891666666666666,11.258811364142012,1314.5,12,12,20.816666666666666,48.3,48.3,100.0,100.0,89.9,89.9,94.0,94.0,91.5,91.5,1.0,0.914,False
4882025000,경상남도 고성군 고성읍,16,14.275,9.687679617103178,1372.6,12,12,21.666666666666668,12.2,12.2,100.0,100.0,91.6,91.6,100.0,100.0,92.2,92.2,0.0,0.632,False
5179025000,강원특별자치도 화천군 화천읍,6,11.091666666666667,11.53527856252945,1483.5,12,12,20.316666666666666,83.7,83.7,100.0,100.0,89.3,89.3,89.6,89.6,91.1,91.1,1.0,1.781,True
5271036000,전북특별자치도 완주군 고산면,4,13.466666666666667,10.65597001542783,1453.0,12,12,21.8,13.2,13.2,100.0,100.0,91.1,91.1,100.0,100.0,92.3,92.3,1.0,0.958,False
4719032000,경상북도 구미시 옥성면,11,13.65,10.508740950448649,1033.0,12,12,22.03333333333333,11.3,11.3,100.0,100.0,91.2,91.2,100.0,100.0,92.5,92.5,1.0,1.273,False
1217040000,전남광주통합특별시 나주시 산포면,10,14.174999999999999,10.616892628773689,1700.0,12,12,22.416666666666668,3.7,3.7,100.0,100.0,91.7,91.7,100.0,100.0,92.8,92.8,0.0,1.481,False
4476031000,충청남도 부여군 규암면,14,13.833333333333334,10.586641096068652,1708.0,12,12,22.116666666666664,8.9,8.9,100.0,100.0,91.2,91.2,100.0,100.0,92.6,92.6,0.0,1.502,False
4888031000,경상남도 거창군 주상면,9,12.291666666666666,10.113848142147688,724.5,12,12,20.3,79.5,79.5,100.0,100.0,89.8,89.8,92.6,92.6,91.1,91.1,1.0,1.961,True
1213013800,전남광주통합특별시 여수시 주삼동,15,15.375,9.841112741961652,1165.0,12,12,22.733333333333334,0.0,0.0,90.3,90.3,92.5,92.5,100.0,100.0,93.1,93.1,0.0,0.858,False
4874036000,경상남도 창녕군 대지면,12,14.483333333333334,10.687021298866407,1300.0,12,12,22.933333333333334,0.0,0.0,91.9,91.9,92.1,92.1,100.0,100.0,93.2,93.2,0.0,1.388,False
4721039000,경상북도 영주시 부석면,5,12.108333333333334,10.16879883255489,1026.0,12,12,20.166666666666668,85.6,85.6,100.0,100.0,89.4,89.4,92.3,92.3,91.0,91.0,1.0,1.518,False
4157035000,경기도 김포시 월곶면,13,12.225,11.02081707909668,1125.5,12,12,20.883333333333333,45.6,45.6,100.0,100.0,89.8,89.8,91.5,91.5,91.6,91.6,1.0,0.592,False
4792039000,경상북도 봉화군 석포면,2,9.883333333333333,10.771665975084257,1296.0,12,12,18.466666666666665,100.0,100.0,74.1,74.1,87.3,87.3,60.8,60.8,89.4,89.4,2.0,0.632,False
4824033000,경상남도 사천시 용현면,16,14.825000000000001,9.911987691679201,1082.0,12,12,22.483333333333334,2.2,2.2,94.8,94.8,92.1,92.1,100.0,100.0,92.9,92.9,0.0,0.749,False
5275033000,전북특별자치도 임실군 신평면,4,12.65,10.862989710689476,1566.0,12,12,21.166666666666668,27.1,27.1,100.0,100.0,90.6,90.6,94.4,94.4,91.8,91.8,1.0,0.786,False
4725043000,경상북도 상주시 외서면,11,13.025,10.704555105187698,1220.5,12,12,21.53333333333333,20.7,20.7,100.0,100.0,90.7,90.7,100.0,100.0,92.1,92.1,1.0,0.472,False
1275025000,전남광주통합특별시 보성군 보성읍,10,12.608333333333334,10.055975910629039,1600.0,12,12,20.516666666666666,58.8,58.8,100.0,100.0,90.3,90.3,91.8,91.8,91.3,91.3,1.0,1.618,False
5214025000,전북특별자치도 익산시 함열읍,14,14.416666666666666,10.547454094651842,1421.5,12,12,22.683333333333334,1.7,1.7,94.4,94.4,91.7,91.7,100.0,100.0,93.0,93.0,0.0,1.108,False
4888025000,경상남도 거창군 거창읍,9,13.433333333333332,10.085302837958478,1451.0,12,12,21.400000000000002,20.4,20.4,100.0,100.0,91.1,91.1,100.0,100.0,92.0,92.0,0.0,1.056,False
1283034000,전남광주통합특별시 영광군 군서면,15,,,,12,0,,,,,,,,,,,,,,
4812000000,경상남도 창원시,12,14.450000000000001,10.262508996784895,1007.5,12,12,22.516666666666666,2.8,2.8,100.0,100.0,92.0,92.0,100.0,100.0,92.9,92.9,0.0,1.07,False
4775025000,경상북도 청송군 청송읍,5,12.433333333333332,11.16221982918951,920.0,12,12,21.283333333333335,28.0,28.0,100.0,100.0,90.2,90.2,100.0,100.0,91.9,91.9,1.0,1.065,False
4159000000,경기도 화성시,13,13.25,10.46704786026561,853.0,12,12,21.349999999999998,22.1,22.1,100.0,100.0,90.7,90.7,100.0,100.0,92.0,92.0,1.0,1.294,False
5274025000,전북특별자치도 장수군 장수읍,4,11.941666666666668,10.364577641996306,1444.5,12,12,20.05,85.6,85.6,100.0,100.0,89.6,89.6,90.1,90.1,90.8,90.8,1.0,1.345,False
4721036000,경상북도 영주시 봉현면,11,13.091666666666667,10.461571091235278,1216.5,12,12,21.416666666666668,23.9,23.9,100.0,100.0,90.6,90.6,100.0,100.0,92.0,92.0,1.0,0.715,False
1276031000,전남광주통합특별시 화순군 한천면,10,13.125,10.182170245536602,1692.5,12,12,21.066666666666666,28.9,28.9,100.0,100.0,90.7,90.7,94.8,94.8,91.7,91.7,1.0,1.566,False
5218038000,전북특별자치도 정읍시 정우면,14,14.450000000000001,10.584422516131903,1479.5,12,12,22.7,0.9,0.9,93.7,93.7,91.9,91.9,100.0,100.0,93.1,93.1,0.0,1.201,False
4885033000,경상남도 하동군 적량면,9,,,,12,0,,,,,,,,,,,,,,
1280031000,전남광주통합특별시 영암군 덕진면,15,,,,12,0,,,,,,,,,,,,,,
4139011900,경기도 시흥시 하중동,13,13.133333333333333,10.715268064634207,1385.5,12,12,21.483333333333334,20.7,20.7,100.0,100.0,90.6,90.6,100.0,100.0,92.1,92.1,1.0,0.569,False
5272025000,전북특별자치도 진안군 진안읍,4,12.0,10.472040697191565,1750.5,12,12,20.2,79.5,79.5,100.0,100.0,89.8,89.8,90.1,90.1,91.0,91.0,1.0,1.643,False
2772031000,대구광역시 군위군 소보면,11,12.875,10.841680933072393,1095.0,12,12,21.53333333333333,21.1,21.1,100.0,100.0,90.7,90.7,100.0,100.0,92.1,92.1,1.0,0.568,False
4885031000,경상남도 하동군 화개면,10,14.966666666666667,9.882706045809456,1949.0,12,12,22.683333333333334,0.4,0.4,93.2,93.2,92.2,92.2,100.0,100.0,93.0,93.0,0.0,1.629,False
4889046000,경상남도 합천군 용주면,9,14.083333333333334,10.371625044350864,1573.5,12,12,22.28333333333333,6.6,6.6,100.0,100.0,91.6,91.6,100.0,100.0,92.7,92.7,0.0,0.98,False
1277025000,전남광주통합특별시 장흥군 장흥읍,15,14.924999999999999,9.746526187687218,1647.5,12,12,22.400000000000002,2.5,2.5,100.0,100.0,92.1,92.1,100.0,100.0,92.8,92.8,0.0,0.883,False
4413000000,충청남도 천안시,13,12.783333333333333,10.761787054484056,1435.0,12,12,21.283333333333335,27.5,27.5,100.0,100.0,90.4,90.4,100.0,100.0,91.9,91.9,1.0,0.48,False
4725041000,경상북도 상주시 화서면,4,12.4,10.67861073701665,1265.0,12,12,20.883333333333333,43.9,43.9,100.0,100.0,90.1,90.1,94.6,94.6,91.6,91.6,1.0,0.35,False
4773033000,경상북도 의성군 옥산면,11,12.641666666666666,10.828872041767308,1240.0,12,12,21.25,27.5,27.5,100.0,100.0,90.5,90.5,100.0,100.0,91.9,91.9,1.0,0.103,False
1279037000,전남광주통합특별시 해남군 옥천면,15,13.65,9.945624894668738,1402.0,12,12,21.133333333333333,23.2,23.2,100.0,100.0,91.0,91.0,92.7,92.7,91.8,91.8,0.0,1.079,False
4128100000,경기도 고양시 덕양구,13,13.299999999999999,11.363578181669235,1376.5,12,12,22.25,8.7,8.7,100.0,100.0,91.0,91.0,100.0,100.0,92.7,92.7,1.0,1.385,False
