region_code,region_name,indicator,actual_value,log_score_multiplier_2,national_grade_score,deviation_log_minus_grade,absolute_deviation
4420025000,충청남도 아산시 염치읍,ph,5.983,94.70647829660501,90,4.706478296605013,4.706478296605013
5119000000,강원특별자치도 태백시,ph,6.366,100.0,100,0.0,0.0
4150010300,경기도 이천시 중리동,ph,6.3,100.0,100,0.0,0.0
4822034000,경상남도 통영시 광도면,ph,5.773,90.51781645874152,90,0.517816458741521,0.517816458741521
4374525000,충청북도 증평군 증평읍,ph,5.873,92.6565456865701,90,2.656545686570098,2.656545686570098
4163031000,경기도 양주시 은현면,ph,6.365,100.0,100,0.0,0.0
4374040000,충청북도 영동군 심천면,ph,6.001,100.0,100,0.0,0.0
4725033000,경상북도 상주시 낙동면,ph,6.318,100.0,100,0.0,0.0
1217043000,전남광주통합특별시 나주시 봉황면,ph,,,,,
4423032000,충청남도 논산시 광석면,ph,5.553,84.37629613979128,75,9.376296139791279,9.376296139791279
5176036000,강원특별자치도 평창군 진부면,ph,5.925,93.66011747119711,90,3.660117471197111,3.660117471197111
5117011200,강원특별자치도 동해시 북평동,ph,6.142,100.0,100,0.0,0.0
5121011000,강원특별자치도 속초시 대포동,ph,5.543,84.0283593773763,75,9.028359377376304,9.028359377376304
5175025000,강원특별자치도 영월군 영월읍,ph,6.159,100.0,100,0.0,0.0
5219025000,전북특별자치도 남원시 운봉읍,ph,5.628,86.75924016725635,75,11.759240167256351,11.759240167256351
1278031000,전남광주통합특별시 강진군 군동면,ph,,,,,
4713000000,경상북도 경주시,ph,5.922,93.603985521284,90,3.6039855212840024,3.6039855212840024
4782000000,경상북도 청도군,ph,5.585,85.43901669790594,75,10.439016697905942,10.439016697905942
4775032000,경상북도 청송군 부남면,ph,5.862,92.43548701564268,90,2.4354870156426784,2.4354870156426784
5011000000,제주특별자치도 제주시,ph,5.485,81.83632785488183,75,6.83632785488183,6.83632785488183
4155031000,경기도 안성시 보개면,ph,6.061,100.0,100,0.0,0.0
5176000000,강원특별자치도 평창군,ph,5.916,93.49109591275271,90,3.491095912752712,3.491095912752712
4150000000,경기도 이천시,ph,5.828,91.73115301037431,90,1.7311530103743138,1.7311530103743138
4831034000,경상남도 거제시 거제면,ph,5.425,79.17749628072296,75,4.177496280722963,4.177496280722963
4375025000,충청북도 진천군 진천읍,ph,5.609,86.18997349223848,75,11.18997349223848,11.18997349223848
4183025000,경기도 양평군 양평읍,ph,6.203,100.0,100,0.0,0.0
4373025000,충청북도 옥천군 옥천읍,ph,6.062,100.0,100,0.0,0.0
4728010300,경상북도 문경시 흥덕동,ph,5.837,91.92079349192541,90,1.9207934919254086,1.9207934919254086
1273025000,전남광주통합특별시 구례군 구례읍,ph,,,,,
5280034000,전북특별자치도 부안군 계화면,ph,6.082,100.0,100,0.0,0.0
5172000000,강원특별자치도 홍천군,ph,5.667,87.86491805620129,75,12.86491805620129,12.86491805620129
5123034000,강원특별자치도 삼척시 미로면,ph,6.315,100.0,100,0.0,0.0
5183025000,강원특별자치도 양양군 양양읍,ph,5.789,90.88088633001553,90,0.8808863300155281,0.8808863300155281
5113037000,강원특별자치도 원주시 흥업면,ph,5.927,93.69742394255547,90,3.6974239425554742,3.6974239425554742
5219042000,전북특별자치도 남원시 이백면,ph,5.652,87.44912038981293,75,12.449120389812933,12.449120389812933
1274031000,전남광주통합특별시 고흥군 풍양면,ph,,,,,
4711000000,경상북도 포항시,ph,5.96,94.30011800543112,90,4.300118005431116,4.300118005431116
4782033000,경상북도 청도군 각북면,ph,5.768,90.40255534381889,90,0.40255534381888936,0.40255534381888936
4792032000,경상북도 봉화군 봉성면,ph,6.017,100.0,100,0.0,0.0
5011013400,제주특별자치도 제주시 오등동,ph,5.284,70.1121861981604,75,-4.887813801839599,4.887813801839599
4180025000,경기도 연천군 연천읍,ph,5.855,92.29312080246297,90,2.2931208024629655,2.2931208024629655
5181025000,강원특별자치도 인제군 인제읍,ph,6.292,100.0,100,0.0,0.0
4165039000,경기도 포천시 영북면,ph,5.86,92.39494683401817,90,2.394946834018171,2.394946834018171
4817012200,경상남도 진주시 초전동,ph,6.452,100.0,100,0.0,0.0
4311000000,충청북도 청주시,ph,5.924,93.64142984343525,90,3.6414298434352474,3.6414298434352474
4182025000,경기도 가평군 가평읍,ph,5.693,88.55974054183397,75,13.559740541833975,13.559740541833975
4425031000,충청남도 계룡시 두마면,ph,5.946,94.04734213073976,90,4.047342130739764,4.047342130739764
4723025000,경상북도 영천시 금호읍,ph,5.611,86.2509102160768,75,11.250910216076804,11.250910216076804
1217039000,전남광주통합특별시 나주시 금천면,ph,,,,,
5271033000,전북특별자치도 완주군 이서면,ph,5.739,89.71623621070842,90,-0.28376378929158363,0.28376378929158363
5180000000,강원특별자치도 양구군,ph,6.038,100.0,100,0.0,0.0
5123031000,강원특별자치도 삼척시 근덕면,ph,5.768,90.40255534381889,90,0.40255534381888936,0.40255534381888936
4315025000,충청북도 제천시 봉양읍,ph,5.949,94.10186338286967,90,4.1018633828696665,4.1018633828696665
5277040000,전북특별자치도 순창군 구림면,ph,5.762,90.26307831237726,90,0.2630783123772602,0.2630783123772602
1281033000,전남광주통합특별시 무안군 청계면,ph,,,,,
4711300000,경상북도 포항시 북구,ph,5.908,93.33926028643705,90,3.339260286437053,3.339260286437053
4782025000,경상북도 청도군 화양읍,ph,5.669,87.9195082033841,75,12.919508203384098,12.919508203384098
4792000000,경상북도 봉화군,ph,5.913,93.43433514070404,90,3.434335140704036,3.434335140704036
5011025600,제주특별자치도 제주시 구좌읍,ph,5.729,89.47220178297349,90,-0.5277982170265147,0.5277982170265147
4427000000,충청남도 당진시,ph,6.072,100.0,100,0.0,0.0
5177025000,강원특별자치도 정선군 정선읍,ph,5.895,93.0892460884448,90,3.0892460884447956,3.0892460884447956
4167011200,경기도 여주시 상거동,ph,5.834,91.85784251838618,90,1.8578425183861782,1.8578425183861782
4884031000,경상남도 남해군 이동면,ph,5.866,92.51624444397228,90,2.5162444439722833,2.5162444439722833
4313012200,충청북도 충주시 안림동,ph,5.908,93.33926028643705,90,3.339260286437053,3.339260286437053
4165034000,경기도 포천시 신북면,ph,5.864,92.47591936157474,90,2.4759193615747392,2.4759193615747392
4471031000,충청남도 금산군 금성면,ph,5.921,93.58522871328256,90,3.585228713282561,3.585228713282561
4773025000,경상북도 의성군 의성읍,ph,6.025,100.0,100,0.0,0.0
1217037000,전남광주통합특별시 나주시 문평면,ph,,,,,
5271000000,전북특별자치도 완주군,ph,5.556,84.47914286353681,75,9.479142863536808,9.479142863536808
4777037000,경상북도 영덕군 병곡면,ph,5.963,94.35374166925018,90,4.353741669250184,4.353741669250184
1272031000,전남광주통합특별시 곡성군 오곡면,ph,,,,,
1217034000,전남광주통합특별시 나주시 공산면,ph,,,,,
3171031000,울산광역시 울주군 서생면,ph,5.489,81.99808257292725,75,6.998082572927245,6.998082572927245
4782034000,경상북도 청도군 이서면,ph,5.518,83.12199235408067,75,8.121992354080675,8.121992354080675
4717032000,경상북도 안동시 북후면,ph,6.149,100.0,100,0.0,0.0
5011025000,제주특별자치도 제주시 한림읍,ph,5.603,86.00568372454164,75,11.00568372454164,11.00568372454164
4128000000,경기도 고양시,ph,,,,,
5177035000,강원특별자치도 정선군 임계면,ph,6.006,100.0,100,0.0,0.0
4146100000,경기도 용인시 처인구,ph,5.743,89.81276344410784,90,-0.18723655589215582,0.18723655589215582
4824012600,경상남도 사천시 송포동,ph,6.157,100.0,100,0.0,0.0
4377031000,충청북도 음성군 소이면,ph,5.956,94.22832424205117,90,4.228324242051173,4.228324242051173
5178025900,강원특별자치도 철원군 동송읍,ph,5.806,91.25737614702398,90,1.257376147023976,1.257376147023976
5274000000,전북특별자치도 장수군,ph,5.856,92.31354065205967,90,2.3135406520596717,2.3135406520596717
4729033000,경상북도 경산시 자인면,ph,5.82,91.56057421052266,90,1.5605742105226597,1.5605742105226597
1215035000,전남광주통합특별시 순천시 주암면,ph,,,,,
5213036000,전북특별자치도 군산시 개정면,ph,5.968,94.44269618659908,90,4.442696186599079,4.442696186599079
4793040000,경상북도 울진군 매화면,ph,5.513,82.93404826193866,75,7.934048261938656,7.934048261938656
4784000000,경상북도 성주군,ph,6.692,100.0,100,0.0,0.0
1281034000,전남광주통합특별시 무안군 현경면,ph,,,,,
3171026200,울산광역시 울주군 청량읍,ph,5.403,78.0729530027944,75,3.0729530027944065,3.0729530027944065
4827034000,경상남도 밀양시 산내면,ph,6.063,100.0,100,0.0,0.0
4776000000,경상북도 영양군,ph,6.01,100.0,100,0.0,0.0
5011025900,제주특별자치도 제주시 조천읍,ph,5.365,75.9528676094874,75,0.9528676094873987,0.9528676094873987
4111000000,경기도 수원시,ph,,,,,
5119010100,강원특별자치도 태백시 황지동,ph,6.404,100.0,100,0.0,0.0
4161010600,경기도 광주시 목현동,ph,5.498,82.35585729262792,75,7.355857292627917,7.355857292627917
4825011500,경상남도 김해시 전하동,ph,5.73,89.49678228636249,90,-0.5032177136375111,0.5032177136375111
4313011400,충청북도 충주시 달천동,ph,6.39,100.0,100,0.0,0.0
5111025000,강원특별자치도 춘천시 신북읍,ph,6.2,100.0,100,0.0,0.0
5273025000,전북특별자치도 무주군 무주읍,ph,5.892,93.030961804096,90,3.0309618040959947,3.0309618040959947
4719025000,경상북도 구미시 선산읍,ph,6.358,100.0,100,0.0,0.0
1284025000,전남광주통합특별시 장성군 장성읍,ph,,,,,
5221036000,전북특별자치도 김제시 부량면,ph,5.929,93.73463907588936,90,3.734639075889362,3.734639075889362
4888000000,경상남도 거창군,ph,5.856,92.31354065205967,90,2.3135406520596717,2.3135406520596717
1287025300,전남광주통합특별시 신안군 압해읍,ph,,,,,
4827036000,경상남도 밀양시 상남면,ph,5.71,88.99745723681782,90,-1.002542763182177,1.002542763182177
4776025000,경상북도 영양군 영양읍,ph,5.928,93.71604289851389,90,3.7160428985138907,3.7160428985138907
5011025300,제주특별자치도 제주시 애월읍,ph,5.431,79.46530872601484,75,4.46530872601484,4.46530872601484
4180036000,경기도 연천군 신서면,ph,6.03,100.0,100,0.0,0.0
5177025900,강원특별자치도 정선군 신동읍,ph,6.047,100.0,100,0.0,0.0
5173036000,강원특별자치도 횡성군 공근면,ph,5.627,86.72980438359805,75,11.72980438359805,11.72980438359805
4882025000,경상남도 고성군 고성읍,ph,5.919,93.54764551781724,90,3.5476455178172444,3.5476455178172444
5179025000,강원특별자치도 화천군 화천읍,ph,5.633,86.90557006169568,75,11.905570061695684,11.905570061695684
5271036000,전북특별자치도 완주군 고산면,ph,5.785,90.79092863737269,90,0.7909286373726871,0.7909286373726871
4719032000,경상북도 구미시 옥성면,ph,6.299,100.0,100,0.0,0.0
1217040000,전남광주통합특별시 나주시 산포면,ph,,,,,
4476031000,충청남도 부여군 규암면,ph,6.217,100.0,100,0.0,0.0
4888031000,경상남도 거창군 주상면,ph,5.954,94.19229979811898,90,4.192299798118981,4.192299798118981
1213013800,전남광주통합특별시 여수시 주삼동,ph,,,,,
4874036000,경상남도 창녕군 대지면,ph,5.781,90.70043539056931,90,0.7004353905693108,0.7004353905693108
4721039000,경상북도 영주시 부석면,ph,5.948,94.08371135234393,90,4.083711352343926,4.083711352343926
4157035000,경기도 김포시 월곶면,ph,5.835,91.8788551569831,90,1.878855156983093,1.878855156983093
4792039000,경상북도 봉화군 석포면,ph,5.75,89.98022501941904,90,-0.019774980580962165,0.019774980580962165
4824033000,경상남도 사천시 용현면,ph,5.749,89.95641459564864,90,-0.04358540435136149,0.04358540435136149
5275033000,전북특별자치도 임실군 신평면,ph,5.715,89.12383465006293,90,-0.8761653499370681,0.8761653499370681
4725043000,경상북도 상주시 외서면,ph,6.111,100.0,100,0.0,0.0
1275025000,전남광주통합특별시 보성군 보성읍,ph,,,,,
5214025000,전북특별자치도 익산시 함열읍,ph,5.591,85.63026259694442,75,10.63026259694442,10.63026259694442
4888025000,경상남도 거창군 거창읍,ph,6.202,100.0,100,0.0,0.0
1283034000,전남광주통합특별시 영광군 군서면,ph,,,,,
4812000000,경상남도 창원시,ph,5.65,87.39281130636121,75,12.39281130636121,12.39281130636121
4775025000,경상북도 청송군 청송읍,ph,5.792,90.94800693714113,90,0.9480069371411304,0.9480069371411304
4159000000,경기도 화성시,ph,5.995,94.91425689467299,90,4.914256894672988,4.914256894672988
5274025000,전북특별자치도 장수군 장수읍,ph,5.961,94.3180135875622,90,4.318013587562206,4.318013587562206
4721036000,경상북도 영주시 봉현면,ph,6.038,100.0,100,0.0,0.0
1276031000,전남광주통합특별시 화순군 한천면,ph,,,,,
5218038000,전북특별자치도 정읍시 정우면,ph,6.146,100.0,100,0.0,0.0
4885033000,경상남도 하동군 적량면,ph,5.797,91.0592201491308,90,1.0592201491307947,1.0592201491307947
1280031000,전남광주통합특별시 영암군 덕진면,ph,,,,,
4139011900,경기도 시흥시 하중동,ph,6.241,100.0,100,0.0,0.0
5272025000,전북특별자치도 진안군 진안읍,ph,5.649,87.3645783477131,75,12.364578347713106,12.364578347713106
2772031000,대구광역시 군위군 소보면,ph,,,,,
4885031000,경상남도 하동군 화개면,ph,5.258,67.6349513855187,75,-7.365048614481296,7.365048614481296
4889046000,경상남도 합천군 용주면,ph,5.958,94.26426351054717,90,4.264263510547167,4.264263510547167
1277025000,전남광주통합특별시 장흥군 장흥읍,ph,,,,,
4413000000,충청남도 천안시,ph,6.017,100.0,100,0.0,0.0
4725041000,경상북도 상주시 화서면,ph,5.857,92.33393310675419,90,2.3339331067541877,2.3339331067541877
4773033000,경상북도 의성군 옥산면,ph,6.106,100.0,100,0.0,0.0
1279037000,전남광주통합특별시 해남군 옥천면,ph,,,,,
4128100000,경기도 고양시 덕양구,ph,6.222,100.0,100,0.0,0.0
4420025000,충청남도 아산시 염치읍,ec,0.45,100.0,100,0.0,0.0
5119000000,강원특별자치도 태백시,ec,0.35,100.0,100,0.0,0.0
4150010300,경기도 이천시 중리동,ec,,,,,
4822034000,경상남도 통영시 광도면,ec,1.57,94.23064547054784,90,4.230645470547842,4.230645470547842
4374525000,충청북도 증평군 증평읍,ec,0.895,100.0,100,0.0,0.0
4163031000,경기도 양주시 은현면,ec,0.56,100.0,100,0.0,0.0
4374040000,충청북도 영동군 심천면,ec,0.4,100.0,100,0.0,0.0
4725033000,경상북도 상주시 낙동면,ec,0.97,100.0,100,0.0,0.0
1217043000,전남광주통합특별시 나주시 봉황면,ec,,,,,
4423032000,충청남도 논산시 광석면,ec,0.9,100.0,100,0.0,0.0
5176036000,강원특별자치도 평창군 진부면,ec,0.375,100.0,100,0.0,0.0
5117011200,강원특별자치도 동해시 북평동,ec,0.62,100.0,100,0.0,0.0
5121011000,강원특별자치도 속초시 대포동,ec,0.21,100.0,100,0.0,0.0
5175025000,강원특별자치도 영월군 영월읍,ec,0.58,100.0,100,0.0,0.0
5219025000,전북특별자치도 남원시 운봉읍,ec,,,,,
1278031000,전남광주통합특별시 강진군 군동면,ec,,,,,
4713000000,경상북도 경주시,ec,0.54,100.0,100,0.0,0.0
4782000000,경상북도 청도군,ec,0.58,100.0,100,0.0,0.0
4775032000,경상북도 청송군 부남면,ec,0.365,100.0,100,0.0,0.0
5011000000,제주특별자치도 제주시,ec,0.36,100.0,100,0.0,0.0
4155031000,경기도 안성시 보개면,ec,,,,,
5176000000,강원특별자치도 평창군,ec,0.375,100.0,100,0.0,0.0
4150000000,경기도 이천시,ec,,,,,
4831034000,경상남도 거제시 거제면,ec,0.39,100.0,100,0.0,0.0
4375025000,충청북도 진천군 진천읍,ec,1.022,100.0,100,0.0,0.0
4183025000,경기도 양평군 양평읍,ec,0.31,100.0,100,0.0,0.0
4373025000,충청북도 옥천군 옥천읍,ec,0.34,100.0,100,0.0,0.0
4728010300,경상북도 문경시 흥덕동,ec,0.46,100.0,100,0.0,0.0
1273025000,전남광주통합특별시 구례군 구례읍,ec,,,,,
5280034000,전북특별자치도 부안군 계화면,ec,0.365,100.0,100,0.0,0.0
5172000000,강원특별자치도 홍천군,ec,0.37,100.0,100,0.0,0.0
5123034000,강원특별자치도 삼척시 미로면,ec,1.34,100.0,100,0.0,0.0
5183025000,강원특별자치도 양양군 양양읍,ec,0.165,100.0,100,0.0,0.0
5113037000,강원특별자치도 원주시 흥업면,ec,1.6,94.09074051649509,90,4.090740516495089,4.090740516495089
5219042000,전북특별자치도 남원시 이백면,ec,,,,,
1274031000,전남광주통합특별시 고흥군 풍양면,ec,,,,,
4711000000,경상북도 포항시,ec,,,,,
4782033000,경상북도 청도군 각북면,ec,0.58,100.0,100,0.0,0.0
4792032000,경상북도 봉화군 봉성면,ec,0.2,100.0,100,0.0,0.0
5011013400,제주특별자치도 제주시 오등동,ec,0.36,100.0,100,0.0,0.0
4180025000,경기도 연천군 연천읍,ec,0.29,100.0,100,0.0,0.0
5181025000,강원특별자치도 인제군 인제읍,ec,0.5,100.0,100,0.0,0.0
4165039000,경기도 포천시 영북면,ec,0.75,100.0,100,0.0,0.0
4817012200,경상남도 진주시 초전동,ec,0.61,100.0,100,0.0,0.0
4311000000,충청북도 청주시,ec,,,,,
4182025000,경기도 가평군 가평읍,ec,0.495,100.0,100,0.0,0.0
4425031000,충청남도 계룡시 두마면,ec,0.34,100.0,100,0.0,0.0
4723025000,경상북도 영천시 금호읍,ec,0.8,100.0,100,0.0,0.0
1217039000,전남광주통합특별시 나주시 금천면,ec,,,,,
5271033000,전북특별자치도 완주군 이서면,ec,0.5,100.0,100,0.0,0.0
5180000000,강원특별자치도 양구군,ec,0.435,100.0,100,0.0,0.0
5123031000,강원특별자치도 삼척시 근덕면,ec,1.34,100.0,100,0.0,0.0
4315025000,충청북도 제천시 봉양읍,ec,1.833,92.9579484940707,90,2.957948494070706,2.957948494070706
5277040000,전북특별자치도 순창군 구림면,ec,0.279,100.0,100,0.0,0.0
1281033000,전남광주통합특별시 무안군 청계면,ec,,,,,
4711300000,경상북도 포항시 북구,ec,,,,,
4782025000,경상북도 청도군 화양읍,ec,0.58,100.0,100,0.0,0.0
4792000000,경상북도 봉화군,ec,0.2,100.0,100,0.0,0.0
5011025600,제주특별자치도 제주시 구좌읍,ec,0.36,100.0,100,0.0,0.0
4427000000,충청남도 당진시,ec,0.388,100.0,100,0.0,0.0
5177025000,강원특별자치도 정선군 정선읍,ec,0.381,100.0,100,0.0,0.0
4167011200,경기도 여주시 상거동,ec,0.8,100.0,100,0.0,0.0
4884031000,경상남도 남해군 이동면,ec,0.5,100.0,100,0.0,0.0
4313012200,충청북도 충주시 안림동,ec,1.325,100.0,100,0.0,0.0
4165034000,경기도 포천시 신북면,ec,0.75,100.0,100,0.0,0.0
4471031000,충청남도 금산군 금성면,ec,0.46,100.0,100,0.0,0.0
4773025000,경상북도 의성군 의성읍,ec,0.544,100.0,100,0.0,0.0
1217037000,전남광주통합특별시 나주시 문평면,ec,,,,,
5271000000,전북특별자치도 완주군,ec,0.5,100.0,100,0.0,0.0
4777037000,경상북도 영덕군 병곡면,ec,0.5,100.0,100,0.0,0.0
1272031000,전남광주통합특별시 곡성군 오곡면,ec,,,,,
1217034000,전남광주통합특별시 나주시 공산면,ec,,,,,
3171031000,울산광역시 울주군 서생면,ec,,,,,
4782034000,경상북도 청도군 이서면,ec,0.58,100.0,100,0.0,0.0
4717032000,경상북도 안동시 북후면,ec,,,,,
5011025000,제주특별자치도 제주시 한림읍,ec,0.36,100.0,100,0.0,0.0
4128000000,경기도 고양시,ec,,,,,
5177035000,강원특별자치도 정선군 임계면,ec,0.381,100.0,100,0.0,0.0
4146100000,경기도 용인시 처인구,ec,,,,,
4824012600,경상남도 사천시 송포동,ec,,,,,
4377031000,충청북도 음성군 소이면,ec,0.329,100.0,100,0.0,0.0
5178025900,강원특별자치도 철원군 동송읍,ec,0.545,100.0,100,0.0,0.0
5274000000,전북특별자치도 장수군,ec,0.17,100.0,100,0.0,0.0
4729033000,경상북도 경산시 자인면,ec,,,,,
1215035000,전남광주통합특별시 순천시 주암면,ec,,,,,
5213036000,전북특별자치도 군산시 개정면,ec,6.4,0.0,50,-50.0,50.0
4793040000,경상북도 울진군 매화면,ec,0.23,100.0,100,0.0,0.0
4784000000,경상북도 성주군,ec,1.49,94.59754967160887,90,4.597549671608874,4.597549671608874
1281034000,전남광주통합특별시 무안군 현경면,ec,,,,,
3171026200,울산광역시 울주군 청량읍,ec,,,,,
4827034000,경상남도 밀양시 산내면,ec,0.8,100.0,100,0.0,0.0
4776000000,경상북도 영양군,ec,1.17,100.0,100,0.0,0.0
5011025900,제주특별자치도 제주시 조천읍,ec,0.36,100.0,100,0.0,0.0
4111000000,경기도 수원시,ec,,,,,
5119010100,강원특별자치도 태백시 황지동,ec,0.33,100.0,100,0.0,0.0
4161010600,경기도 광주시 목현동,ec,0.6,100.0,100,0.0,0.0
4825011500,경상남도 김해시 전하동,ec,1.226,100.0,100,0.0,0.0
4313011400,충청북도 충주시 달천동,ec,1.325,100.0,100,0.0,0.0
5111025000,강원특별자치도 춘천시 신북읍,ec,,,,,
5273025000,전북특별자치도 무주군 무주읍,ec,0.35,100.0,100,0.0,0.0
4719025000,경상북도 구미시 선산읍,ec,0.49,100.0,100,0.0,0.0
1284025000,전남광주통합특별시 장성군 장성읍,ec,,,,,
5221036000,전북특별자치도 김제시 부량면,ec,0.5,100.0,100,0.0,0.0
4888000000,경상남도 거창군,ec,0.223,100.0,100,0.0,0.0
1287025300,전남광주통합특별시 신안군 압해읍,ec,,,,,
4827036000,경상남도 밀양시 상남면,ec,0.8,100.0,100,0.0,0.0
4776025000,경상북도 영양군 영양읍,ec,1.17,100.0,100,0.0,0.0
5011025300,제주특별자치도 제주시 애월읍,ec,0.36,100.0,100,0.0,0.0
4180036000,경기도 연천군 신서면,ec,0.29,100.0,100,0.0,0.0
5177025900,강원특별자치도 정선군 신동읍,ec,0.381,100.0,100,0.0,0.0
5173036000,강원특별자치도 횡성군 공근면,ec,0.5,100.0,100,0.0,0.0
4882025000,경상남도 고성군 고성읍,ec,0.38,100.0,100,0.0,0.0
5179025000,강원특별자치도 화천군 화천읍,ec,0.25,100.0,100,0.0,0.0
5271036000,전북특별자치도 완주군 고산면,ec,0.5,100.0,100,0.0,0.0
4719032000,경상북도 구미시 옥성면,ec,0.49,100.0,100,0.0,0.0
1217040000,전남광주통합특별시 나주시 산포면,ec,,,,,
4476031000,충청남도 부여군 규암면,ec,1.86,92.82105100744482,90,2.8210510074448223,2.8210510074448223
4888031000,경상남도 거창군 주상면,ec,0.223,100.0,100,0.0,0.0
1213013800,전남광주통합특별시 여수시 주삼동,ec,,,,,
4874036000,경상남도 창녕군 대지면,ec,0.4,100.0,100,0.0,0.0
4721039000,경상북도 영주시 부석면,ec,0.395,100.0,100,0.0,0.0
4157035000,경기도 김포시 월곶면,ec,,,,,
4792039000,경상북도 봉화군 석포면,ec,0.2,100.0,100,0.0,0.0
4824033000,경상남도 사천시 용현면,ec,,,,,
5275033000,전북특별자치도 임실군 신평면,ec,0.247,100.0,100,0.0,0.0
4725043000,경상북도 상주시 외서면,ec,0.97,100.0,100,0.0,0.0
1275025000,전남광주통합특별시 보성군 보성읍,ec,,,,,
5214025000,전북특별자치도 익산시 함열읍,ec,,,,,
4888025000,경상남도 거창군 거창읍,ec,0.223,100.0,100,0.0,0.0
1283034000,전남광주통합특별시 영광군 군서면,ec,,,,,
4812000000,경상남도 창원시,ec,,,,,
4775025000,경상북도 청송군 청송읍,ec,0.365,100.0,100,0.0,0.0
4159000000,경기도 화성시,ec,,,,,
5274025000,전북특별자치도 장수군 장수읍,ec,0.17,100.0,100,0.0,0.0
4721036000,경상북도 영주시 봉현면,ec,0.395,100.0,100,0.0,0.0
1276031000,전남광주통합특별시 화순군 한천면,ec,,,,,
5218038000,전북특별자치도 정읍시 정우면,ec,1.145,100.0,100,0.0,0.0
4885033000,경상남도 하동군 적량면,ec,0.57,100.0,100,0.0,0.0
1280031000,전남광주통합특별시 영암군 덕진면,ec,,,,,
4139011900,경기도 시흥시 하중동,ec,,,,,
5272025000,전북특별자치도 진안군 진안읍,ec,0.485,100.0,100,0.0,0.0
2772031000,대구광역시 군위군 소보면,ec,,,,,
4885031000,경상남도 하동군 화개면,ec,0.57,100.0,100,0.0,0.0
4889046000,경상남도 합천군 용주면,ec,0.2,100.0,100,0.0,0.0
1277025000,전남광주통합특별시 장흥군 장흥읍,ec,,,,,
4413000000,충청남도 천안시,ec,,,,,
4725041000,경상북도 상주시 화서면,ec,0.97,100.0,100,0.0,0.0
4773033000,경상북도 의성군 옥산면,ec,0.544,100.0,100,0.0,0.0
1279037000,전남광주통합특별시 해남군 옥천면,ec,,,,,
4128100000,경기도 고양시 덕양구,ec,,,,,
4420025000,충청남도 아산시 염치읍,organic_matter,24.56,100.0,100,0.0,0.0
5119000000,강원특별자치도 태백시,organic_matter,34.496,100.0,100,0.0,0.0
4150010300,경기도 이천시 중리동,organic_matter,19.3,85.34965543602762,75,10.349655436027618,10.349655436027618
4822034000,경상남도 통영시 광도면,organic_matter,32.858,100.0,100,0.0,0.0
4374525000,충청북도 증평군 증평읍,organic_matter,20.02,87.28587719402385,90,-2.714122805976146,2.714122805976146
4163031000,경기도 양주시 은현면,organic_matter,20.707,88.9284907219228,90,-1.071509278077201,1.071509278077201
4374040000,충청북도 영동군 심천면,organic_matter,22.508,92.54396184307419,90,2.543961843074186,2.543961843074186
4725033000,경상북도 상주시 낙동면,organic_matter,15.312,64.12768422638744,75,-10.872315773612556,10.872315773612556
1217043000,전남광주통합특별시 나주시 봉황면,organic_matter,,,,,
4423032000,충청남도 논산시 광석면,organic_matter,25.7,100.0,100,0.0,0.0
5176036000,강원특별자치도 평창군 진부면,organic_matter,18.569,83.09374053194966,75,8.093740531949663,8.093740531949663
5117011200,강원특별자치도 동해시 북평동,organic_matter,25.172,100.0,100,0.0,0.0
5121011000,강원특별자치도 속초시 대포동,organic_matter,21.978,91.56629111908373,90,1.5662911190837292,1.5662911190837292
5175025000,강원특별자치도 영월군 영월읍,organic_matter,25.471,100.0,100,0.0,0.0
5219025000,전북특별자치도 남원시 운봉읍,organic_matter,27.339,100.0,100,0.0,0.0
1278031000,전남광주통합특별시 강진군 군동면,organic_matter,,,,,
4713000000,경상북도 경주시,organic_matter,25.373,100.0,100,0.0,0.0
4782000000,경상북도 청도군,organic_matter,27.213,100.0,100,0.0,0.0
4775032000,경상북도 청송군 부남면,organic_matter,23.601,94.38107643922228,90,4.381076439222284,4.381076439222284
5011000000,제주특별자치도 제주시,organic_matter,46.256,100.0,100,0.0,0.0
4155031000,경기도 안성시 보개면,organic_matter,22.244,92.06482940875114,90,2.0648294087511374,2.0648294087511374
5176000000,강원특별자치도 평창군,organic_matter,21.697,91.02125202958177,90,1.021252029581774,1.021252029581774
4150000000,경기도 이천시,organic_matter,18.365,82.3994486814556,75,7.3994486814555955,7.3994486814555955
4831034000,경상남도 거제시 거제면,organic_matter,26.863,100.0,100,0.0,0.0
4375025000,충청북도 진천군 진천읍,organic_matter,25.954,100.0,100,0.0,0.0
4183025000,경기도 양평군 양평읍,organic_matter,20.483,88.41216075610163,90,-1.5878392438983724,1.5878392438983724
4373025000,충청북도 옥천군 옥천읍,organic_matter,20.877,89.30896585197078,90,-0.6910341480292175,0.6910341480292175
4728010300,경상북도 문경시 흥덕동,organic_matter,20.891,89.3398787470141,90,-0.6601212529859026,0.6601212529859026
1273025000,전남광주통합특별시 구례군 구례읍,organic_matter,,,,,
5280034000,전북특별자치도 부안군 계화면,organic_matter,16.168,71.76207472532222,75,-3.237925274677778,3.237925274677778
5172000000,강원특별자치도 홍천군,organic_matter,23.702,94.54014446015157,90,4.540144460151566,4.540144460151566
5123034000,강원특별자치도 삼척시 미로면,organic_matter,23.328,93.94259880952285,90,3.942598809522849,3.942598809522849
5183025000,강원특별자치도 양양군 양양읍,organic_matter,19.525,85.98162988250019,75,10.981629882500187,10.981629882500187
5113037000,강원특별자치도 원주시 흥업면,organic_matter,15.565,66.80800196588635,75,-8.191998034113652,8.191998034113652
5219042000,전북특별자치도 남원시 이백면,organic_matter,21.861,91.34172286965001,90,1.3417228696500132,1.3417228696500132
1274031000,전남광주통합특별시 고흥군 풍양면,organic_matter,,,,,
4711000000,경상북도 포항시,organic_matter,26.56,100.0,100,0.0,0.0
4782033000,경상북도 청도군 각북면,organic_matter,29.401,100.0,100,0.0,0.0
4792032000,경상북도 봉화군 봉성면,organic_matter,21.681,90.98962177888276,90,0.9896217788827641,0.9896217788827641
5011013400,제주특별자치도 제주시 오등동,organic_matter,46.136,100.0,100,0.0,0.0
4180025000,경기도 연천군 연천읍,organic_matter,21.414,90.45184035927407,90,0.4518403592740725,0.4518403592740725
5181025000,강원특별자치도 인제군 인제읍,organic_matter,31.04,100.0,100,0.0,0.0
4165039000,경기도 포천시 영북면,organic_matter,21.959,91.53004766456971,90,1.5300476645697074,1.5300476645697074
4817012200,경상남도 진주시 초전동,organic_matter,29.294,100.0,100,0.0,0.0
4311000000,충청북도 청주시,organic_matter,18.531,82.9667921762715,75,7.966792176271497,7.966792176271497
4182025000,경기도 가평군 가평읍,organic_matter,25.415,100.0,100,0.0,0.0
4425031000,충청남도 계룡시 두마면,organic_matter,33.691,100.0,100,0.0,0.0
4723025000,경상북도 영천시 금호읍,organic_matter,26.7,100.0,100,0.0,0.0
1217039000,전남광주통합특별시 나주시 금천면,organic_matter,,,,,
5271033000,전북특별자치도 완주군 이서면,organic_matter,24.089,100.0,100,0.0,0.0
5180000000,강원특별자치도 양구군,organic_matter,20.08,87.43662527454572,90,-2.563374725454281,2.563374725454281
5123031000,강원특별자치도 삼척시 근덕면,organic_matter,26.767,100.0,100,0.0,0.0
4315025000,충청북도 제천시 봉양읍,organic_matter,23.329,93.94422825765291,90,3.9442282576529095,3.9442282576529095
5277040000,전북특별자치도 순창군 구림면,organic_matter,29.554,100.0,100,0.0,0.0
1281033000,전남광주통합특별시 무안군 청계면,organic_matter,,,,,
4711300000,경상북도 포항시 북구,organic_matter,25.994,100.0,100,0.0,0.0
4782025000,경상북도 청도군 화양읍,organic_matter,30.622,100.0,100,0.0,0.0
4792000000,경상북도 봉화군,organic_matter,21.224,90.05722080569072,90,0.057220805690718635,0.057220805690718635
5011025600,제주특별자치도 제주시 구좌읍,organic_matter,50.635,100.0,100,0.0,0.0
4427000000,충청남도 당진시,organic_matter,20.053,87.36897358693932,90,-2.631026413060681,2.631026413060681
5177025000,강원특별자치도 정선군 정선읍,organic_matter,25.117,100.0,100,0.0,0.0
4167011200,경기도 여주시 상거동,organic_matter,19.972,87.16419296685457,75,12.164192966854571,12.164192966854571
4884031000,경상남도 남해군 이동면,organic_matter,31.335,100.0,100,0.0,0.0
4313012200,충청북도 충주시 안림동,organic_matter,22.694,92.87268725491865,90,2.8726872549186453,2.8726872549186453
4165034000,경기도 포천시 신북면,organic_matter,19.072,84.68127357057867,75,9.681273570578668,9.681273570578668
4471031000,충청남도 금산군 금성면,organic_matter,17.592,79.43677147983433,75,4.436771479834334,4.436771479834334
4773025000,경상북도 의성군 의성읍,organic_matter,23.519,94.25069643870262,90,4.250696438702619,4.250696438702619
1217037000,전남광주통합특별시 나주시 문평면,organic_matter,,,,,
5271000000,전북특별자치도 완주군,organic_matter,43.491,100.0,100,0.0,0.0
4777037000,경상북도 영덕군 병곡면,organic_matter,16.472,73.75669632458724,75,-1.2433036754127613,1.2433036754127613
1272031000,전남광주통합특별시 곡성군 오곡면,organic_matter,,,,,
1217034000,전남광주통합특별시 나주시 공산면,organic_matter,,,,,
3171031000,울산광역시 울주군 서생면,organic_matter,24.149,100.0,100,0.0,0.0
4782034000,경상북도 청도군 이서면,organic_matter,25.227,100.0,100,0.0,0.0
4717032000,경상북도 안동시 북후면,organic_matter,15.826,69.15252706193981,75,-5.847472938060193,5.847472938060193
5011025000,제주특별자치도 제주시 한림읍,organic_matter,47.318,100.0,100,0.0,0.0
4128000000,경기도 고양시,organic_matter,,,,,
5177035000,강원특별자치도 정선군 임계면,organic_matter,22.463,92.463351930626,90,2.463351930626004,2.463351930626004
4146100000,경기도 용인시 처인구,organic_matter,21.558,90.74424106533485,90,0.7442410653348475,0.7442410653348475
4824012600,경상남도 사천시 송포동,organic_matter,34.277,100.0,100,0.0,0.0
4377031000,충청북도 음성군 소이면,organic_matter,18.111,81.48816168731224,75,6.4881616873122425,6.4881616873122425
5178025900,강원특별자치도 철원군 동송읍,organic_matter,26.109,100.0,100,0.0,0.0
5274000000,전북특별자치도 장수군,organic_matter,26.59,100.0,100,0.0,0.0
4729033000,경상북도 경산시 자인면,organic_matter,21.324,90.26619174703806,90,0.26619174703806436,0.26619174703806436
1215035000,전남광주통합특별시 순천시 주암면,organic_matter,,,,,
5213036000,전북특별자치도 군산시 개정면,organic_matter,26.093,100.0,100,0.0,0.0
4793040000,경상북도 울진군 매화면,organic_matter,19.926,87.04665765004113,75,12.046657650041126,12.046657650041126
4784000000,경상북도 성주군,organic_matter,15.976,70.35254290880633,75,-4.647457091193672,4.647457091193672
1281034000,전남광주통합특별시 무안군 현경면,organic_matter,,,,,
3171026200,울산광역시 울주군 청량읍,organic_matter,23.735,94.59175845496176,90,4.591758454961763,4.591758454961763
4827034000,경상남도 밀양시 산내면,organic_matter,32.247,100.0,100,0.0,0.0
4776000000,경상북도 영양군,organic_matter,20.218,87.77777511975106,90,-2.2222248802489446,2.2222248802489446
5011025900,제주특별자치도 제주시 조천읍,organic_matter,47.666,100.0,100,0.0,0.0
4111000000,경기도 수원시,organic_matter,,,,,
5119010100,강원특별자치도 태백시 황지동,organic_matter,23.397,94.0546229399372,90,4.054622939937204,4.054622939937204
4161010600,경기도 광주시 목현동,organic_matter,22.125,91.84381793778192,90,1.843817937781921,1.843817937781921
4825011500,경상남도 김해시 전하동,organic_matter,28.146,100.0,100,0.0,0.0
4313011400,충청북도 충주시 달천동,organic_matter,20.78,89.09303928534722,90,-0.9069607146527829,0.9069607146527829
5111025000,강원특별자치도 춘천시 신북읍,organic_matter,25.326,100.0,100,0.0,0.0
5273025000,전북특별자치도 무주군 무주읍,organic_matter,24.812,100.0,100,0.0,0.0
4719025000,경상북도 구미시 선산읍,organic_matter,18.184,81.75570865507262,75,6.755708655072624,6.755708655072624
1284025000,전남광주통합특별시 장성군 장성읍,organic_matter,,,,,
5221036000,전북특별자치도 김제시 부량면,organic_matter,25.457,100.0,100,0.0,0.0
4888000000,경상남도 거창군,organic_matter,29.692,100.0,100,0.0,0.0
1287025300,전남광주통합특별시 신안군 압해읍,organic_matter,,,,,
4827036000,경상남도 밀양시 상남면,organic_matter,23.184,93.70611562688643,90,3.7061156268864295,3.7061156268864295
4776025000,경상북도 영양군 영양읍,organic_matter,20.853,89.25582561360882,90,-0.7441743863911796,0.7441743863911796
5011025300,제주특별자치도 제주시 애월읍,organic_matter,43.944,100.0,100,0.0,0.0
4180036000,경기도 연천군 신서면,organic_matter,22.27,92.11269283433913,90,2.1126928343391285,2.1126928343391285
5177025900,강원특별자치도 정선군 신동읍,organic_matter,25.12,100.0,100,0.0,0.0
5173036000,강원특별자치도 횡성군 공근면,organic_matter,27.107,100.0,100,0.0,0.0
4882025000,경상남도 고성군 고성읍,organic_matter,30.269,100.0,100,0.0,0.0
5179025000,강원특별자치도 화천군 화천읍,organic_matter,25.989,100.0,100,0.0,0.0
5271036000,전북특별자치도 완주군 고산면,organic_matter,32.234,100.0,100,0.0,0.0
4719032000,경상북도 구미시 옥성면,organic_matter,21.182,89.96858902765189,90,-0.03141097234811241,0.03141097234811241
1217040000,전남광주통합특별시 나주시 산포면,organic_matter,,,,,
4476031000,충청남도 부여군 규암면,organic_matter,17.285,78.07873808635298,75,3.0787380863529847,3.0787380863529847
4888031000,경상남도 거창군 주상면,organic_matter,29.76,100.0,100,0.0,0.0
1213013800,전남광주통합특별시 여수시 주삼동,organic_matter,,,,,
4874036000,경상남도 창녕군 대지면,organic_matter,25.845,100.0,100,0.0,0.0
4721039000,경상북도 영주시 부석면,organic_matter,20.192,87.71408316861925,90,-2.285916831380746,2.285916831380746
4157035000,경기도 김포시 월곶면,organic_matter,25.006,100.0,100,0.0,0.0
4792039000,경상북도 봉화군 석포면,organic_matter,24.168,100.0,100,0.0,0.0
4824033000,경상남도 사천시 용현면,organic_matter,30.042,100.0,100,0.0,0.0
5275033000,전북특별자치도 임실군 신평면,organic_matter,23.851,94.77181116744987,90,4.771811167449869,4.771811167449869
4725043000,경상북도 상주시 외서면,organic_matter,22.308,92.18237707520714,90,2.1823770752071425,2.1823770752071425
1275025000,전남광주통합특별시 보성군 보성읍,organic_matter,,,,,
5214025000,전북특별자치도 익산시 함열읍,organic_matter,24.547,100.0,100,0.0,0.0
4888025000,경상남도 거창군 거창읍,organic_matter,28.566,100.0,100,0.0,0.0
1283034000,전남광주통합특별시 영광군 군서면,organic_matter,,,,,
4812000000,경상남도 창원시,organic_matter,30.009,100.0,100,0.0,0.0
4775025000,경상북도 청송군 청송읍,organic_matter,20.664,88.8307245939556,90,-1.169275406044406,1.169275406044406
4159000000,경기도 화성시,organic_matter,18.596,83.18330070056867,75,8.183300700568665,8.183300700568665
5274025000,전북특별자치도 장수군 장수읍,organic_matter,27.365,100.0,100,0.0,0.0
4721036000,경상북도 영주시 봉현면,organic_matter,26.161,100.0,100,0.0,0.0
1276031000,전남광주통합특별시 화순군 한천면,organic_matter,,,,,
5218038000,전북특별자치도 정읍시 정우면,organic_matter,25.521,100.0,100,0.0,0.0
4885033000,경상남도 하동군 적량면,organic_matter,30.014,100.0,100,0.0,0.0
1280031000,전남광주통합특별시 영암군 덕진면,organic_matter,,,,,
4139011900,경기도 시흥시 하중동,organic_matter,22.882,93.197876909318,90,3.1978769093179977,3.1978769093179977
5272025000,전북특별자치도 진안군 진안읍,organic_matter,23.829,94.73782672737214,90,4.737826727372138,4.737826727372138
2772031000,대구광역시 군위군 소보면,organic_matter,,,,,
4885031000,경상남도 하동군 화개면,organic_matter,33.063,100.0,100,0.0,0.0
4889046000,경상남도 합천군 용주면,organic_matter,21.845,91.31075317730344,90,1.3107531773034395,1.3107531773034395
1277025000,전남광주통합특별시 장흥군 장흥읍,organic_matter,,,,,
4413000000,충청남도 천안시,organic_matter,19.221,85.12137926237504,75,10.121379262375044,10.121379262375044
4725041000,경상북도 상주시 화서면,organic_matter,19.632,86.27319261469195,75,11.27319261469195,11.27319261469195
4773033000,경상북도 의성군 옥산면,organic_matter,24.827,100.0,100,0.0,0.0
1279037000,전남광주통합특별시 해남군 옥천면,organic_matter,,,,,
4128100000,경기도 고양시 덕양구,organic_matter,23.45,94.1401132978242,90,4.1401132978242,4.1401132978242
4420025000,충청남도 아산시 염치읍,available_p,326.46,100.0,100,0.0,0.0
5119000000,강원특별자치도 태백시,available_p,617.575,73.67732117363346,75,-1.3226788263665412,1.3226788263665412
4150010300,경기도 이천시 중리동,available_p,122.5,57.177364257380255,50,7.177364257380255,7.177364257380255
4822034000,경상남도 통영시 광도면,available_p,338.756,100.0,100,0.0,0.0
4374525000,충청북도 증평군 증평읍,available_p,238.539,100.0,100,0.0,0.0
4163031000,경기도 양주시 은현면,available_p,539.903,87.11924086167323,90,-2.8807591383267663,2.8807591383267663
4374040000,충청북도 영동군 심천면,available_p,489.18,92.05173277137945,90,2.0517327713794486,2.0517327713794486
4725033000,경상북도 상주시 낙동면,available_p,342.201,100.0,100,0.0,0.0
1217043000,전남광주통합특별시 나주시 봉황면,available_p,,,,,
4423032000,충청남도 논산시 광석면,available_p,439.501,100.0,100,0.0,0.0
5176036000,강원특별자치도 평창군 진부면,available_p,566.593,83.69488085104388,75,8.694880851043877,8.694880851043877
5117011200,강원특별자치도 동해시 북평동,available_p,576.368,82.21883164811369,75,7.218831648113692,7.218831648113692
5121011000,강원특별자치도 속초시 대포동,available_p,290.348,100.0,100,0.0,0.0
5175025000,강원특별자치도 영월군 영월읍,available_p,565.171,83.89814503471243,75,8.898145034712428,8.898145034712428
5219025000,전북특별자치도 남원시 운봉읍,available_p,285.384,100.0,100,0.0,0.0
1278031000,전남광주통합특별시 강진군 군동면,available_p,,,,,
4713000000,경상북도 경주시,available_p,464.897,93.9452628665473,90,3.9452628665472957,3.9452628665472957
4782000000,경상북도 청도군,available_p,494.147,91.63356030637676,90,1.633560306376765,1.633560306376765
4775032000,경상북도 청송군 부남면,available_p,533.994,87.78332327025274,90,-2.216676729747263,2.216676729747263
5011000000,제주특별자치도 제주시,available_p,344.873,100.0,100,0.0,0.0
4155031000,경기도 안성시 보개면,available_p,313.829,100.0,100,0.0,0.0
5176000000,강원특별자치도 평창군,available_p,551.789,85.68855869810614,75,10.688558698106135,10.688558698106135
4150000000,경기도 이천시,available_p,407.626,100.0,100,0.0,0.0
4831034000,경상남도 거제시 거제면,available_p,289.887,100.0,100,0.0,0.0
4375025000,충청북도 진천군 진천읍,available_p,226.359,100.0,100,0.0,0.0
4183025000,경기도 양평군 양평읍,available_p,423.828,100.0,100,0.0,0.0
4373025000,충청북도 옥천군 옥천읍,available_p,382.523,100.0,100,0.0,0.0
4728010300,경상북도 문경시 흥덕동,available_p,291.011,100.0,100,0.0,0.0
1273025000,전남광주통합특별시 구례군 구례읍,available_p,,,,,
5280034000,전북특별자치도 부안군 계화면,available_p,114.414,51.63142247537329,50,1.6314224753732915,1.6314224753732915
5172000000,강원특별자치도 홍천군,available_p,443.877,100.0,100,0.0,0.0
5123034000,강원특별자치도 삼척시 미로면,available_p,301.979,100.0,100,0.0,0.0
5183025000,강원특별자치도 양양군 양양읍,available_p,306.369,100.0,100,0.0,0.0
5113037000,강원특별자치도 원주시 흥업면,available_p,326.993,100.0,100,0.0,0.0
5219042000,전북특별자치도 남원시 이백면,available_p,312.829,100.0,100,0.0,0.0
1274031000,전남광주통합특별시 고흥군 풍양면,available_p,,,,,
4711000000,경상북도 포항시,available_p,404.575,100.0,100,0.0,0.0
4782033000,경상북도 청도군 각북면,available_p,463.642,94.03699738588097,90,4.036997385880966,4.036997385880966
4792032000,경상북도 봉화군 봉성면,available_p,465.651,93.88988165122346,90,3.8898816512234617,3.8898816512234617
5011013400,제주특별자치도 제주시 오등동,available_p,487.835,92.16301674364743,90,2.1630167436474323,2.1630167436474323
4180025000,경기도 연천군 연천읍,available_p,309.216,100.0,100,0.0,0.0
5181025000,강원특별자치도 인제군 인제읍,available_p,708.288,32.20849015824014,50,-17.79150984175986,17.79150984175986
4165039000,경기도 포천시 영북면,available_p,372.258,100.0,100,0.0,0.0
4817012200,경상남도 진주시 초전동,available_p,1288.91,0.0,25,-25.0,25.0
4311000000,충청북도 청주시,available_p,286.694,100.0,100,0.0,0.0
4182025000,경기도 가평군 가평읍,available_p,336.842,100.0,100,0.0,0.0
4425031000,충청남도 계룡시 두마면,available_p,463.304,94.06160923731056,90,4.061609237310563,4.061609237310563
4723025000,경상북도 영천시 금호읍,available_p,650.115,59.90223038500381,50,9.902230385003811,9.902230385003811
1217039000,전남광주통합특별시 나주시 금천면,available_p,,,,,
5271033000,전북특별자치도 완주군 이서면,available_p,432.526,100.0,100,0.0,0.0
5180000000,강원특별자치도 양구군,available_p,689.949,38.23020062535949,50,-11.769799374640513,11.769799374640513
5123031000,강원특별자치도 삼척시 근덕면,available_p,229.068,100.0,100,0.0,0.0
4315025000,충청북도 제천시 봉양읍,available_p,377.538,100.0,100,0.0,0.0
5277040000,전북특별자치도 순창군 구림면,available_p,261.319,100.0,100,0.0,0.0
1281033000,전남광주통합특별시 무안군 청계면,available_p,,,,,
4711300000,경상북도 포항시 북구,available_p,378.341,100.0,100,0.0,0.0
4782025000,경상북도 청도군 화양읍,available_p,485.127,92.38463238528068,90,2.384632385280682,2.384632385280682
4792000000,경상북도 봉화군,available_p,398.205,100.0,100,0.0,0.0
5011025600,제주특별자치도 제주시 구좌읍,available_p,148.759,80.16382677991925,75,5.163826779919248,5.163826779919248
4427000000,충청남도 당진시,available_p,127.458,62.48136409261063,75,-12.518635907389367,12.518635907389367
5177025000,강원특별자치도 정선군 정선읍,available_p,474.033,93.260239148138,90,3.260239148137998,3.260239148137998
4167011200,경기도 여주시 상거동,available_p,278.406,100.0,100,0.0,0.0
4884031000,경상남도 남해군 이동면,available_p,449.975,100.0,100,0.0,0.0
4313012200,충청북도 충주시 안림동,available_p,542.144,86.85959872986263,75,11.859598729862626,11.859598729862626
4165034000,경기도 포천시 신북면,available_p,494.213,91.62792557405224,90,1.6279255740522416,1.6279255740522416
4471031000,충청남도 금산군 금성면,available_p,471.245,93.47257736085322,90,3.472577360853222,3.472577360853222
4773025000,경상북도 의성군 의성읍,available_p,511.519,90.07329844966016,90,0.07329844966015742,0.07329844966015742
1217037000,전남광주통합특별시 나주시 문평면,available_p,,,,,
5271000000,전북특별자치도 완주군,available_p,252.951,100.0,100,0.0,0.0
4777037000,경상북도 영덕군 병곡면,available_p,184.387,91.79908032896797,90,1.7990803289679747,1.7990803289679747
1272031000,전남광주통합특별시 곡성군 오곡면,available_p,,,,,
1217034000,전남광주통합특별시 나주시 공산면,available_p,,,,,
3171031000,울산광역시 울주군 서생면,available_p,416.607,100.0,100,0.0,0.0
4782034000,경상북도 청도군 이서면,available_p,460.752,94.24616074036106,90,4.246160740361063,4.246160740361063
4717032000,경상북도 안동시 북후면,available_p,432.588,100.0,100,0.0,0.0
5011025000,제주특별자치도 제주시 한림읍,available_p,363.479,100.0,100,0.0,0.0
4128000000,경기도 고양시,available_p,,,,,
5177035000,강원특별자치도 정선군 임계면,available_p,507.216,90.47494922904129,90,0.474949229041286,0.474949229041286
4146100000,경기도 용인시 처인구,available_p,217.534,100.0,100,0.0,0.0
4824012600,경상남도 사천시 송포동,available_p,551.694,85.70054426061367,75,10.700544260613668,10.700544260613668
4377031000,충청북도 음성군 소이면,available_p,577.591,82.02364370819299,75,7.023643708192992,7.023643708192992
5178025900,강원특별자치도 철원군 동송읍,available_p,140.369,75.36326810581517,75,0.3632681058151661,0.3632681058151661
5274000000,전북특별자치도 장수군,available_p,436.726,100.0,100,0.0,0.0
4729033000,경상북도 경산시 자인면,available_p,515.028,89.73771825467406,90,-0.26228174532593584,0.26228174532593584
1215035000,전남광주통합특별시 순천시 주암면,available_p,,,,,
5213036000,전북특별자치도 군산시 개정면,available_p,168.514,87.6615120804592,90,-2.338487919540796,2.338487919540796
4793040000,경상북도 울진군 매화면,available_p,389.098,100.0,100,0.0,0.0
4784000000,경상북도 성주군,available_p,1261.474,0.0,25,-25.0,25.0
1281034000,전남광주통합특별시 무안군 현경면,available_p,,,,,
3171026200,울산광역시 울주군 청량읍,available_p,326.84,100.0,100,0.0,0.0
4827034000,경상남도 밀양시 산내면,available_p,510.818,90.139459180308,90,0.13945918030799476,0.13945918030799476
4776000000,경상북도 영양군,available_p,465.704,93.88598120651741,90,3.885981206517414,3.885981206517414
5011025900,제주특별자치도 제주시 조천읍,available_p,328.036,100.0,100,0.0,0.0
4111000000,경기도 수원시,available_p,,,,,
5119010100,강원특별자치도 태백시 황지동,available_p,613.526,74.7637932425091,75,-0.2362067574909048,0.2362067574909048
4161010600,경기도 광주시 목현동,available_p,466.792,93.80568974020784,90,3.805689740207839,3.805689740207839
4825011500,경상남도 김해시 전하동,available_p,268.004,100.0,100,0.0,0.0
4313011400,충청북도 충주시 달천동,available_p,667.062,48.450652924669654,50,-1.5493470753303455,1.5493470753303455
5111025000,강원특별자치도 춘천시 신북읍,available_p,799.891,13.750624280214968,50,-36.249375719785036,36.249375719785036
5273025000,전북특별자치도 무주군 무주읍,available_p,448.291,100.0,100,0.0,0.0
4719025000,경상북도 구미시 선산읍,available_p,467.564,93.74845988688185,90,3.7484598868818466,3.7484598868818466
1284025000,전남광주통합특별시 장성군 장성읍,available_p,,,,,
5221036000,전북특별자치도 김제시 부량면,available_p,100.095,44.01513125477678,50,-5.984868745223217,5.984868745223217
4888000000,경상남도 거창군,available_p,431.439,100.0,100,0.0,0.0
1287025300,전남광주통합특별시 신안군 압해읍,available_p,,,,,
4827036000,경상남도 밀양시 상남면,available_p,557.58,84.93949883601961,75,9.93949883601961,9.93949883601961
4776025000,경상북도 영양군 영양읍,available_p,450.199,94.98638202684302,90,4.9863820268430175,4.9863820268430175
5011025300,제주특별자치도 제주시 애월읍,available_p,384.462,100.0,100,0.0,0.0
4180036000,경기도 연천군 신서면,available_p,387.357,100.0,100,0.0,0.0
5177025900,강원특별자치도 정선군 신동읍,available_p,516.31,89.6132436381616,90,-0.386756361838394,0.386756361838394
5173036000,강원특별자치도 횡성군 공근면,available_p,366.315,100.0,100,0.0,0.0
4882025000,경상남도 고성군 고성읍,available_p,292.449,100.0,100,0.0,0.0
5179025000,강원특별자치도 화천군 화천읍,available_p,416.573,100.0,100,0.0,0.0
5271036000,전북특별자치도 완주군 고산면,available_p,360.518,100.0,100,0.0,0.0
4719032000,경상북도 구미시 옥성면,available_p,357.309,100.0,100,0.0,0.0
1217040000,전남광주통합특별시 나주시 산포면,available_p,,,,,
4476031000,충청남도 부여군 규암면,available_p,444.711,100.0,100,0.0,0.0
4888031000,경상남도 거창군 주상면,available_p,451.096,94.92484660554645,90,4.924846605546449,4.924846605546449
1213013800,전남광주통합특별시 여수시 주삼동,available_p,,,,,
4874036000,경상남도 창녕군 대지면,available_p,326.764,100.0,100,0.0,0.0
4721039000,경상북도 영주시 부석면,available_p,496.197,91.45755952636601,90,1.457559526366012,1.457559526366012
4157035000,경기도 김포시 월곶면,available_p,219.231,100.0,100,0.0,0.0
4792039000,경상북도 봉화군 석포면,available_p,573.262,82.70356114728352,75,7.703561147283523,7.703561147283523
4824033000,경상남도 사천시 용현면,available_p,286.044,100.0,100,0.0,0.0
5275033000,전북특별자치도 임실군 신평면,available_p,265.72,100.0,100,0.0,0.0
4725043000,경상북도 상주시 외서면,available_p,366.926,100.0,100,0.0,0.0
1275025000,전남광주통합특별시 보성군 보성읍,available_p,,,,,
5214025000,전북특별자치도 익산시 함열읍,available_p,168.044,87.52004628063678,90,-2.4799537193632233,2.4799537193632233
4888025000,경상남도 거창군 거창읍,available_p,764.47,19.443566249982002,50,-30.556433750017998,30.556433750017998
1283034000,전남광주통합특별시 영광군 군서면,available_p,,,,,
4812000000,경상남도 창원시,available_p,449.486,100.0,100,0.0,0.0
4775025000,경상북도 청송군 청송읍,available_p,422.706,100.0,100,0.0,0.0
4159000000,경기도 화성시,available_p,229.843,100.0,100,0.0,0.0
5274025000,전북특별자치도 장수군 장수읍,available_p,524.659,88.7766725323441,90,-1.2233274676559063,1.2233274676559063
4721036000,경상북도 영주시 봉현면,available_p,530.936,88.11593143408975,90,-1.8840685659102547,1.8840685659102547
1276031000,전남광주통합특별시 화순군 한천면,available_p,,,,,
5218038000,전북특별자치도 정읍시 정우면,available_p,335.37,100.0,100,0.0,0.0
4885033000,경상남도 하동군 적량면,available_p,486.332,92.28641711295685,90,2.2864171129568547,2.2864171129568547
1280031000,전남광주통합특별시 영암군 덕진면,available_p,,,,,
4139011900,경기도 시흥시 하중동,available_p,62.426,30.70309322792575,25,5.7030932279257485,5.7030932279257485
5272025000,전북특별자치도 진안군 진안읍,available_p,277.191,100.0,100,0.0,0.0
2772031000,대구광역시 군위군 소보면,available_p,,,,,
4885031000,경상남도 하동군 화개면,available_p,405.984,100.0,100,0.0,0.0
4889046000,경상남도 합천군 용주면,available_p,429.847,100.0,100,0.0,0.0
1277025000,전남광주통합특별시 장흥군 장흥읍,available_p,,,,,
4413000000,충청남도 천안시,available_p,369.146,100.0,100,0.0,0.0
4725041000,경상북도 상주시 화서면,available_p,440.455,100.0,100,0.0,0.0
4773033000,경상북도 의성군 옥산면,available_p,611.448,75.29261731557334,75,0.29261731557333803,0.29261731557333803
1279037000,전남광주통합특별시 해남군 옥천면,available_p,,,,,
4128100000,경기도 고양시 덕양구,available_p,608.525,76.00665525680569,75,1.0066552568056863,1.0066552568056863
4420025000,충청남도 아산시 염치읍,k,0.485,93.93770941682538,90,3.937709416825385,3.937709416825385
5119000000,강원특별자치도 태백시,k,1.148,93.40856760983502,90,3.4085676098350177,3.4085676098350177
4150010300,경기도 이천시 중리동,k,,,,,
4822034000,경상남도 통영시 광도면,k,0.804,100.0,100,0.0,0.0
4374525000,충청북도 증평군 증평읍,k,0.5,100.0,100,0.0,0.0
4163031000,경기도 양주시 은현면,k,0.619,100.0,100,0.0,0.0
4374040000,충청북도 영동군 심천면,k,0.746,100.0,100,0.0,0.0
4725033000,경상북도 상주시 낙동면,k,0.872,100.0,100,0.0,0.0
1217043000,전남광주통합특별시 나주시 봉황면,k,,,,,
4423032000,충청남도 논산시 광석면,k,1.0,100.0,100,0.0,0.0
5176036000,강원특별자치도 평창군 진부면,k,0.82,100.0,100,0.0,0.0
5117011200,강원특별자치도 동해시 북평동,k,0.95,100.0,100,0.0,0.0
5121011000,강원특별자치도 속초시 대포동,k,0.41,87.10809380049923,75,12.108093800499233,12.108093800499233
5175025000,강원특별자치도 영월군 영월읍,k,0.867,100.0,100,0.0,0.0
5219025000,전북특별자치도 남원시 운봉읍,k,,,,,
1278031000,전남광주통합특별시 강진군 군동면,k,,,,,
4713000000,경상북도 경주시,k,1.24,92.32815295038822,90,2.3281529503882155,2.3281529503882155
4782000000,경상북도 청도군,k,1.001,94.98978740868608,90,4.989787408686084,4.989787408686084
4775032000,경상북도 청송군 부남면,k,0.734,100.0,100,0.0,0.0
5011000000,제주특별자치도 제주시,k,0.786,100.0,100,0.0,0.0
4155031000,경기도 안성시 보개면,k,,,,,
5176000000,강원특별자치도 평창군,k,0.82,100.0,100,0.0,0.0
4150000000,경기도 이천시,k,,,,,
4831034000,경상남도 거제시 거제면,k,1.289,91.7197559982909,90,1.719755998290907,1.719755998290907
4375025000,충청북도 진천군 진천읍,k,0.579,100.0,100,0.0,0.0
4183025000,경기도 양평군 양평읍,k,0.282,52.737378436513445,50,2.7373784365134455,2.7373784365134455
4373025000,충청북도 옥천군 옥천읍,k,0.259,45.68497756439734,50,-4.315022435602657,4.315022435602657
4728010300,경상북도 문경시 흥덕동,k,0.649,100.0,100,0.0,0.0
1273025000,전남광주통합특별시 구례군 구례읍,k,,,,,
5280034000,전북특별자치도 부안군 계화면,k,0.715,100.0,100,0.0,0.0
5172000000,강원특별자치도 홍천군,k,0.857,100.0,100,0.0,0.0
5123034000,강원특별자치도 삼척시 미로면,k,1.965,79.12319145479887,75,4.123191454798871,4.123191454798871
5183025000,강원특별자치도 양양군 양양읍,k,0.71,100.0,100,0.0,0.0
5113037000,강원특별자치도 원주시 흥업면,k,1.028,94.71142139656726,90,4.7114213965672604,4.7114213965672604
5219042000,전북특별자치도 남원시 이백면,k,,,,,
1274031000,전남광주통합특별시 고흥군 풍양면,k,,,,,
4711000000,경상북도 포항시,k,,,,,
4782033000,경상북도 청도군 각북면,k,1.001,94.98978740868608,90,4.989787408686084,4.989787408686084
4792032000,경상북도 봉화군 봉성면,k,0.378,82.89617896572861,75,7.896178965728609,7.896178965728609
5011013400,제주특별자치도 제주시 오등동,k,0.786,100.0,100,0.0,0.0
4180025000,경기도 연천군 연천읍,k,0.78,100.0,100,0.0,0.0
5181025000,강원특별자치도 인제군 인제읍,k,0.456,91.64610288994572,90,1.6461028899457233,1.6461028899457233
4165039000,경기도 포천시 영북면,k,0.954,100.0,100,0.0,0.0
4817012200,경상남도 진주시 초전동,k,0.637,100.0,100,0.0,0.0
4311000000,충청북도 청주시,k,,,,,
4182025000,경기도 가평군 가평읍,k,0.335,74.37720316820236,75,-0.6227968317976433,0.6227968317976433
4425031000,충청남도 계룡시 두마면,k,0.433,89.54582436575703,90,-0.45417563424297214,0.45417563424297214
4723025000,경상북도 영천시 금호읍,k,0.734,100.0,100,0.0,0.0
1217039000,전남광주통합특별시 나주시 금천면,k,,,,,
5271033000,전북특별자치도 완주군 이서면,k,0.62,100.0,100,0.0,0.0
5180000000,강원특별자치도 양구군,k,0.845,100.0,100,0.0,0.0
5123031000,강원특별자치도 삼척시 근덕면,k,1.965,79.12319145479887,75,4.123191454798871,4.123191454798871
4315025000,충청북도 제천시 봉양읍,k,0.743,100.0,100,0.0,0.0
5277040000,전북특별자치도 순창군 구림면,k,0.523,100.0,100,0.0,0.0
1281033000,전남광주통합특별시 무안군 청계면,k,,,,,
4711300000,경상북도 포항시 북구,k,,,,,
4782025000,경상북도 청도군 화양읍,k,1.001,94.98978740868608,90,4.989787408686084,4.989787408686084
4792000000,경상북도 봉화군,k,0.378,82.89617896572861,75,7.896178965728609,7.896178965728609
5011025600,제주특별자치도 제주시 구좌읍,k,0.786,100.0,100,0.0,0.0
4427000000,충청남도 당진시,k,0.36,79.88706034234482,75,4.8870603423448244,4.8870603423448244
5177025000,강원특별자치도 정선군 정선읍,k,1.005,94.94886828974043,90,4.948868289740432,4.948868289740432
4167011200,경기도 여주시 상거동,k,0.859,100.0,100,0.0,0.0
4884031000,경상남도 남해군 이동면,k,1.039,94.59653514673002,90,4.5965351467300195,4.5965351467300195
4313012200,충청북도 충주시 안림동,k,0.571,100.0,100,0.0,0.0
4165034000,경기도 포천시 신북면,k,0.954,100.0,100,0.0,0.0
4471031000,충청남도 금산군 금성면,k,0.516,100.0,100,0.0,0.0
4773025000,경상북도 의성군 의성읍,k,0.739,100.0,100,0.0,0.0
1217037000,전남광주통합특별시 나주시 문평면,k,,,,,
5271000000,전북특별자치도 완주군,k,0.62,100.0,100,0.0,0.0
4777037000,경상북도 영덕군 병곡면,k,0.631,100.0,100,0.0,0.0
1272031000,전남광주통합특별시 곡성군 오곡면,k,,,,,
1217034000,전남광주통합특별시 나주시 공산면,k,,,,,
3171031000,울산광역시 울주군 서생면,k,,,,,
4782034000,경상북도 청도군 이서면,k,1.001,94.98978740868608,90,4.989787408686084,4.989787408686084
4717032000,경상북도 안동시 북후면,k,,,,,
5011025000,제주특별자치도 제주시 한림읍,k,0.786,100.0,100,0.0,0.0
4128000000,경기도 고양시,k,,,,,
5177035000,강원특별자치도 정선군 임계면,k,1.005,94.94886828974043,90,4.948868289740432,4.948868289740432
4146100000,경기도 용인시 처인구,k,,,,,
4824012600,경상남도 사천시 송포동,k,0.973,100.0,100,0.0,0.0
4377031000,충청북도 음성군 소이면,k,0.39,84.61519823415315,75,9.615198234153155,9.615198234153155
5178025900,강원특별자치도 철원군 동송읍,k,0.569,100.0,100,0.0,0.0
5274000000,전북특별자치도 장수군,k,0.782,100.0,100,0.0,0.0
4729033000,경상북도 경산시 자인면,k,,,,,
1215035000,전남광주통합특별시 순천시 주암면,k,,,,,
5213036000,전북특별자치도 군산시 개정면,k,0.4,85.91269413229854,75,10.91269413229854,10.91269413229854
4793040000,경상북도 울진군 매화면,k,0.873,100.0,100,0.0,0.0
4784000000,경상북도 성주군,k,0.882,100.0,100,0.0,0.0
1281034000,전남광주통합특별시 무안군 현경면,k,,,,,
3171026200,울산광역시 울주군 청량읍,k,,,,,
4827034000,경상남도 밀양시 산내면,k,1.058,94.39602678369542,90,4.396026783695419,4.396026783695419
4776000000,경상북도 영양군,k,0.629,100.0,100,0.0,0.0
5011025900,제주특별자치도 제주시 조천읍,k,0.786,100.0,100,0.0,0.0
4111000000,경기도 수원시,k,,,,,
5119010100,강원특별자치도 태백시 황지동,k,1.148,93.40856760983502,90,3.4085676098350177,3.4085676098350177
4161010600,경기도 광주시 목현동,k,0.942,100.0,100,0.0,0.0
4825011500,경상남도 김해시 전하동,k,0.463,92.23169614574084,90,2.231696145740841,2.231696145740841
4313011400,충청북도 충주시 달천동,k,0.571,100.0,100,0.0,0.0
5111025000,강원특별자치도 춘천시 신북읍,k,,,,,
5273025000,전북특별자치도 무주군 무주읍,k,0.657,100.0,100,0.0,0.0
4719025000,경상북도 구미시 선산읍,k,0.434,89.64343637569384,90,-0.35656362430616184,0.35656362430616184
1284025000,전남광주통합특별시 장성군 장성읍,k,,,,,
5221036000,전북특별자치도 김제시 부량면,k,0.737,100.0,100,0.0,0.0
4888000000,경상남도 거창군,k,0.569,100.0,100,0.0,0.0
1287025300,전남광주통합특별시 신안군 압해읍,k,,,,,
4827036000,경상남도 밀양시 상남면,k,1.058,94.39602678369542,90,4.396026783695419,4.396026783695419
4776025000,경상북도 영양군 영양읍,k,0.629,100.0,100,0.0,0.0
5011025300,제주특별자치도 제주시 애월읍,k,0.786,100.0,100,0.0,0.0
4180036000,경기도 연천군 신서면,k,0.78,100.0,100,0.0,0.0
5177025900,강원특별자치도 정선군 신동읍,k,1.005,94.94886828974043,90,4.948868289740432,4.948868289740432
5173036000,강원특별자치도 횡성군 공근면,k,0.553,100.0,100,0.0,0.0
4882025000,경상남도 고성군 고성읍,k,0.544,100.0,100,0.0,0.0
5179025000,강원특별자치도 화천군 화천읍,k,0.704,100.0,100,0.0,0.0
5271036000,전북특별자치도 완주군 고산면,k,0.62,100.0,100,0.0,0.0
4719032000,경상북도 구미시 옥성면,k,0.434,89.64343637569384,90,-0.35656362430616184,0.35656362430616184
1217040000,전남광주통합특별시 나주시 산포면,k,,,,,
4476031000,충청남도 부여군 규암면,k,1.124,93.67822532921782,90,3.678225329217824,3.678225329217824
4888031000,경상남도 거창군 주상면,k,0.569,100.0,100,0.0,0.0
1213013800,전남광주통합특별시 여수시 주삼동,k,,,,,
4874036000,경상남도 창녕군 대지면,k,0.661,100.0,100,0.0,0.0
4721039000,경상북도 영주시 부석면,k,0.953,100.0,100,0.0,0.0
4157035000,경기도 김포시 월곶면,k,,,,,
4792039000,경상북도 봉화군 석포면,k,0.378,82.89617896572861,75,7.896178965728609,7.896178965728609
4824033000,경상남도 사천시 용현면,k,0.973,100.0,100,0.0,0.0
5275033000,전북특별자치도 임실군 신평면,k,0.554,100.0,100,0.0,0.0
4725043000,경상북도 상주시 외서면,k,0.872,100.0,100,0.0,0.0
1275025000,전남광주통합특별시 보성군 보성읍,k,,,,,
5214025000,전북특별자치도 익산시 함열읍,k,,,,,
4888025000,경상남도 거창군 거창읍,k,0.569,100.0,100,0.0,0.0
1283034000,전남광주통합특별시 영광군 군서면,k,,,,,
4812000000,경상남도 창원시,k,,,,,
4775025000,경상북도 청송군 청송읍,k,0.734,100.0,100,0.0,0.0
4159000000,경기도 화성시,k,,,,,
5274025000,전북특별자치도 장수군 장수읍,k,0.782,100.0,100,0.0,0.0
4721036000,경상북도 영주시 봉현면,k,0.953,100.0,100,0.0,0.0
1276031000,전남광주통합특별시 화순군 한천면,k,,,,,
5218038000,전북특별자치도 정읍시 정우면,k,0.94,100.0,100,0.0,0.0
4885033000,경상남도 하동군 적량면,k,0.647,100.0,100,0.0,0.0
1280031000,전남광주통합특별시 영암군 덕진면,k,,,,,
4139011900,경기도 시흥시 하중동,k,,,,,
5272025000,전북특별자치도 진안군 진안읍,k,0.699,100.0,100,0.0,0.0
2772031000,대구광역시 군위군 소보면,k,,,,,
4885031000,경상남도 하동군 화개면,k,0.647,100.0,100,0.0,0.0
4889046000,경상남도 합천군 용주면,k,0.368,81.29841117520179,75,6.298411175201792,6.298411175201792
1277025000,전남광주통합특별시 장흥군 장흥읍,k,,,,,
4413000000,충청남도 천안시,k,,,,,
4725041000,경상북도 상주시 화서면,k,0.872,100.0,100,0.0,0.0
4773033000,경상북도 의성군 옥산면,k,0.739,100.0,100,0.0,0.0
1279037000,전남광주통합특별시 해남군 옥천면,k,,,,,
4128100000,경기도 고양시 덕양구,k,,,,,
